102170;Östmark-Åsarna;2.0;60.2788;12.8538;2013-11-01 00:00:00;2016-09-30 23:59:59;135.0
102190;Östmark-Lämbacken;2.0;60.3097;12.6959;1955-09-01 00:00:00;1980-02-29 23:59:59;177.0
102200;Östmark-Rännberg;2.0;60.3328;12.6775;1980-07-01 00:00:00;1988-07-31 23:59:59;198.0
102210;Östmark-Röjdåsen;2.0;60.3548;12.6491;1988-08-01 00:00:00;2000-05-31 23:59:59;308.0
102390;Brattmon V;2.0;60.75686;12.77226;1996-03-01 00:00:00;2016-10-01 09:00:00;199.0
102540;Höljes;2.0;60.9066;12.5843;1961-01-01 00:00:00;2016-08-31 23:59:59;230.0
103050;Edebäck;2.0;60.0666;13.55;1961-01-01 00:00:00;1977-06-30 23:59:59;155.0
103080;Torsby;2.0;60.1075;12.9908;2005-11-01 00:00:00;2013-12-31 23:59:59;127.0
103090;Gustavsfors;2.0;60.1514;13.7975;1978-01-01 00:00:00;2016-08-31 23:59:59;190.0
103100;Gustavsfors A;2.0;60.1538;13.8019;1995-08-01 00:00:00;2016-10-01 09:00:00;187.0
103410;Malung;2.0;60.6717;13.7058;2011-10-01 00:00:00;2016-09-30 23:59:59;310.0
103420;Malung A;2.0;60.6773;13.71;2009-10-01 00:00:00;2016-10-01 09:00:00;306.0
103570;Knås;2.0;60.9676;13.8985;1987-10-01 00:00:00;1989-02-28 23:59:59;280.0
104090;Fredriksberg;2.0;60.1426;14.3951;1989-04-01 00:00:00;2012-12-31 23:59:59;305.0
104120;Lejen;2.0;60.2;14.4;1961-01-01 00:00:00;1976-11-30 23:59:59;340.0
104300;Mockfjärd;2.0;60.5074;14.9585;1973-04-01 00:00:00;1976-12-31 23:59:59;177.0
104390;Flaten;2.0;60.651;14.4277;1994-01-01 00:00:00;1998-09-15 23:59:59;296.0
104530;Siljansfors;2.0;60.8846;14.3786;1961-01-01 00:00:00;1991-06-30 23:59:59;260.0
104580;Mora A;2.0;60.9607;14.507;1995-08-01 00:00:00;2016-10-01 09:00:00;196.0
105070;Skeppsmora V;2.0;60.12295;15.12262;1996-03-01 00:00:00;2016-10-01 09:00:00;246.0
105200;Rämshyttan;2.0;60.3333;15.2;1961-01-01 00:00:00;1976-04-30 23:59:59;260.0
105220;Stora Spånsberget A;2.0;60.3822;15.1404;1995-08-01 00:00:00;2016-10-01 09:00:00;492.0
105230;Idkerberget;2.0;60.3758;15.231;1961-01-01 00:00:00;2010-03-31 23:59:59;260.0
105260;Borlänge Flygplats;2.0;60.4294;15.5079;1996-01-01 00:00:00;2016-10-01 09:00:00;152.0
105280;Borlänge Aut;2.0;60.4889;15.4324;1987-07-01 00:00:00;1999-03-31 23:59:59;140.0
105310;Borlänge;2.0;60.502;15.4606;1974-04-01 00:00:00;1978-04-30 23:59:59;120.0
105360;Gråda Kraftverk;2.0;60.6046;15.0146;1961-01-01 00:00:00;1982-05-31 23:59:59;155.0
105370;Falun-Lugnet;2.0;60.619;15.6603;2006-06-01 00:00:00;2016-09-30 23:59:59;140.0
105410;Sågmyra;2.0;60.7004;15.3263;1985-06-01 00:00:00;1988-01-31 23:59:59;257.0
105450;Leksand;2.0;60.7256;15.0167;1993-10-02 06:00:00;2016-09-30 23:59:59;175.0
105550;Backa;2.0;60.923;15.1145;1988-09-01 00:00:00;1995-09-30 23:59:59;230.0
105630;Vassbo;2.0;60.5333;15.5333;1962-01-01 00:00:00;1964-02-29 23:59:59;120.0
105640;Domnarvet;2.0;60.5;15.45;1961-08-01 00:00:00;1965-01-31 23:59:59;128.0
106040;Brovallen;2.0;60.0991;16.3062;1991-01-01 00:00:00;2016-09-30 23:59:59;100.0
106060;Sonnbo;2.0;60.1197;16.2838;1986-10-01 00:00:00;1990-12-31 23:59:59;89.0
106070;Avesta;2.0;60.1419;16.1747;1977-01-01 00:00:00;2016-09-30 23:59:59;100.0
106100;Folkärna;2.0;60.169;16.3125;1981-04-25 00:00:00;1996-01-31 23:59:59;68.0
106160;Kerstinbo A;2.0;60.2688;16.977;1995-08-01 00:00:00;2016-10-01 09:00:00;56.0
106270;Stjärnsund;2.0;60.4551;16.2662;1961-01-01 00:00:00;1984-11-30 23:59:59;130.0
106360;Sandviken;2.0;60.6103;16.7896;1977-12-01 00:00:00;1987-03-31 23:59:59;65.0
106500;Vintjärn;2.0;60.8321;16.0581;1984-05-18 00:00:00;1996-01-31 23:59:59;348.0
106570;Åmot A;2.0;60.962;16.4311;1995-08-01 00:00:00;2016-10-01 09:00:00;162.0
106580;Åmotsbruk;2.0;60.9645;16.4631;1965-01-01 00:00:00;1996-01-31 23:59:59;145.0
106630;Gästrike-Hammarby IV;2.0;60.55;16.5833;1961-01-01 00:00:00;1967-02-28 23:59:59;70.0
107120;Dannemora;2.0;60.2026;17.9049;1963-04-01 00:00:00;1981-05-31 23:59:59;41.0
107130;Films Kyrkby;2.0;60.2357;17.9072;1982-02-01 00:00:00;2000-05-09 23:59:59;39.0
107140;Films Kyrkby A;2.0;60.2363;17.9078;2000-05-01 00:00:00;2016-10-01 09:00:00;33.0
107180;Väsby;2.0;60.3;17.4333;1962-01-01 00:00:00;1975-01-31 23:59:59;35.0
107270;Untra;2.0;60.4393;17.3409;1965-06-01 00:00:00;1985-06-30 23:59:59;35.0
107330;Fagerviken;2.0;60.542;17.7478;1966-12-01 00:00:00;1978-12-31 23:59:59;5.0
107400;Gävle;2.0;60.6537;17.1693;1958-01-01 00:00:00;1965-12-31 23:59:59;11.0
107420;Gävle A;2.0;60.7166;17.1641;1995-08-01 00:00:00;2016-10-01 09:00:00;16.0
107440;Eggegrund A;2.0;60.7304;17.5612;1995-10-01 00:00:00;2016-10-01 09:00:00;5.0
107450;Utvalnäs Aut;2.0;60.7547;17.3574;1991-01-01 00:00:00;1995-11-01 23:59:59;5.0
107530;Västra Banken Aut;2.0;60.88;17.93;1970-06-01 00:00:00;1970-09-30 18:00:00;5.0
108100;Singö;2.0;60.1595;18.7436;1967-09-01 00:00:00;1996-01-31 23:59:59;12.0
108110;Risinge;2.0;60.175;18.2272;1962-02-01 00:00:00;2016-08-31 23:59:59;15.0
108170;Understen;2.0;60.2761;18.9227;1988-12-01 00:00:00;1992-08-31 23:59:59;12.0
108300;Grundkallen;2.0;60.5;18.8666;1965-01-01 00:00:00;1979-11-30 23:59:59;23.0
108320;Örskär A;2.0;60.5262;18.3766;1995-11-21 00:00:00;2016-10-01 09:00:00;8.0
108640;Öregrund;2.0;60.3333;18.4333;1949-07-01 00:00:00;1967-08-31 23:59:59;7.0
112080;Rörbäcksnäs;2.0;61.1269;12.8226;1968-02-01 00:00:00;1970-03-31 23:59:59;455.0
112170;Grundforsen;2.0;61.2797;12.8568;1961-01-01 00:00:00;2013-05-29 18:00:00;412.0
112510;Flötningen;2.0;61.8526;12.2689;1969-12-01 00:00:00;1986-02-28 23:59:59;670.0
112530;Idre-Storbo V;2.0;61.8691;12.3024;1996-04-01 00:00:00;1997-04-30 23:59:59;660.0
112540;Idre Fjäll A;2.0;61.8892;12.8542;1995-11-01 00:00:00;2016-10-01 09:00:00;869.0
113070;Sälen-Högfjället V;2.0;61.15829;13.11383;1996-03-01 00:00:00;2016-10-01 09:00:00;751.0
113100;Sälen;2.0;61.1691;13.2593;1969-01-01 00:00:00;2009-03-31 23:59:59;360.0
113110;Tandådalen Aut;2.0;61.1766;13.0164;1985-05-01 00:00:00;1998-02-20 23:59:59;830.0
113410;Särna;2.0;61.6912;13.1589;1957-04-06 00:00:00;1973-10-31 23:59:59;441.0
113420;Särna A;2.0;61.6912;13.1865;2000-11-01 00:00:00;2016-10-01 09:00:00;425.0
113610;Storfjället-Sälen;2.0;61.1666;13.1166;1966-01-01 00:00:00;1967-05-31 23:59:59;770.0
114010;Mora;2.0;61.0025;14.5874;1975-09-01 00:00:00;1977-03-09 23:59:59;190.0
114140;Älvdalen A;2.0;61.2542;14.0383;1995-08-01 00:00:00;2016-10-01 09:00:00;252.0
114160;Älvdalen II;2.0;61.2555;14.0375;1996-01-26 06:00:00;1996-06-30 23:59:59;250.0
114270;Kvarnberg;2.0;61.4446;14.8744;1965-01-01 00:00:00;1973-01-31 23:59:59;434.0
114330;Kräckelbäcken;2.0;61.55;14.2;1968-10-01 00:00:00;1977-11-30 23:59:59;670.0
114360;Ulvsjö;2.0;61.6022;14.184700000000001;1978-01-01 00:00:00;2016-09-30 23:59:59;585.0
114390;Lillhamra;2.0;61.6408;14.8015;1962-02-01 00:00:00;1962-02-28 23:59:59;424.0
114400;Hamra;2.0;61.6577;14.9943;1973-03-01 00:00:00;1995-11-30 23:59:59;440.0
114410;Hamra A;2.0;61.6606;14.9948;1995-12-15 00:00:00;2016-10-01 09:00:00;454.0
114510;Lillhärdal;2.0;61.8547;14.0921;2008-02-01 00:00:00;2016-09-30 23:59:59;440.0
114630;Noppikoski;2.0;61.5;14.85;1965-01-01 00:00:00;1967-09-30 23:59:59;340.0
115040;Dalstuga;2.0;61.0666;15.7;1970-10-01 00:00:00;1977-08-31 23:59:59;240.0
115050;Svabensverk;2.0;61.0442;15.7921;1977-10-01 00:00:00;1978-08-31 23:59:59;240.0
115220;Edsbyn A;2.0;61.3613;15.717500000000001;1996-01-01 00:00:00;2016-10-01 09:00:00;184.0
115230;Edsbyn;2.0;61.378400000000006;15.8352;1951-01-01 00:00:00;1974-01-31 23:59:59;189.0
116230;Röstebo;2.0;61.3882;16.4295;1995-07-01 00:00:00;2012-09-30 23:59:59;115.0
116240;Dönje;2.0;61.395;16.4145;1969-03-01 00:00:00;1995-06-30 23:59:59;85.0
116430;Järvsö;2.0;61.7111;16.1667;2013-10-01 00:00:00;2016-09-30 23:59:59;140.0
116480;Delsbo;2.0;61.7854;16.5505;1967-01-01 00:00:00;1995-11-30 23:59:59;88.0
116490;Delsbo A;2.0;61.8271;16.5418;1995-12-01 00:00:00;2016-10-01 09:00:00;70.0
116500;Ljusdal;2.0;61.8333;16.1333;1962-01-01 00:00:00;1975-12-31 23:59:59;140.0
116650;Bjuråker;2.0;61.85;16.5833;1949-01-01 00:00:00;1966-12-31 23:59:59;66.0
117160;Söderhamn A;2.0;61.2691;17.0983;2001-09-01 00:00:00;2012-01-03 23:59:59;26.0
117170;Söderhamn;2.0;61.3198;17.0967;1999-05-01 00:00:00;2004-03-31 23:59:59;10.0
117330;Agö;2.0;61.55;17.4666;1949-01-01 00:00:00;1973-10-31 23:59:59;20.0
117370;Hölick;2.0;61.6239;17.4401;1987-06-01 00:00:00;1995-10-31 23:59:59;5.0
117420;Kuggören;2.0;61.7027;17.5225;1970-07-01 00:00:00;1987-05-31 23:59:59;2.0
117430;Kuggören A;2.0;61.7033;17.525;1995-12-15 00:00:00;2016-10-01 09:00:00;8.0
117440;Hudiksvall;2.0;61.7167;17.086000000000002;1993-04-26 00:00:00;1996-06-30 23:59:59;10.0
117610;Storjungfrun;2.0;61.1666;17.3333;1961-01-01 00:00:00;1964-07-31 23:59:59;10.0
118610;Finngrundets Fyrskepp;2.0;61.0666;18.6833;1961-01-01 00:00:00;1969-06-30 23:59:59;5.0
122260;Tännäs A;2.0;62.4502;12.6702;1995-11-21 00:00:00;2016-10-01 09:00:00;723.0
122330;Ljusnedal;2.0;62.5493;12.6043;1961-01-01 00:00:00;2016-09-30 23:59:59;585.0
122360;Fjällnäs;2.0;62.5772;12.2223;1969-07-09 00:00:00;1996-01-31 23:59:59;780.0
122430;Flatruet V;2.0;62.72909;12.7264;1996-03-01 00:00:00;2016-10-01 09:00:00;932.0
122610;Grövelsjön;2.0;62.0991;12.3153;1966-07-01 00:00:00;1969-04-30 23:59:59;815.0
123060;Dravagen A;2.0;62.0943;13.6115;1995-10-26 00:00:00;2016-10-01 09:00:00;566.0
123070;Lofsdalen;2.0;62.1132;13.2841;1984-10-01 00:00:00;1995-09-30 23:59:59;610.0
123250;Hede;2.0;62.4172;13.5168;1961-01-01 00:00:00;1991-06-30 23:59:59;420.0
123340;Hedeviken;2.0;62.4112;13.6748;2008-10-01 00:00:00;2016-09-30 23:59:59;410.0
123460;Börtnan A;2.0;62.7557;13.8456;1995-12-15 00:00:00;2016-10-01 09:00:00;467.0
123480;Storsjö Kapell;2.0;62.8016;13.0731;1955-01-01 00:00:00;1996-01-31 23:59:59;580.0
124020;Sveg;2.0;62.0291;14.3508;1951-01-01 00:00:00;1997-12-31 23:59:59;360.0
124030;Sveg A;2.0;62.0471;14.41;2009-10-01 00:00:00;2016-10-01 10:00:00;362.0
124110;Ytterhogdal;2.0;62.1809;14.9524;1975-06-01 00:00:00;1992-08-31 23:59:59;260.0
124300;Klövsjöhöjden A;2.0;62.4961;14.1571;1996-01-01 00:00:00;2016-10-01 10:00:00;802.0
124320;Klövsjö;2.0;62.5335;14.2028;1977-10-01 00:00:00;1995-12-31 23:59:59;549.0
124390;Skålan;2.0;62.65;14.1666;1962-12-01 00:00:00;1976-12-31 23:59:59;452.0
125020;Finneby;2.0;62.0424;15.4655;1976-12-01 00:00:00;1996-01-31 23:59:59;259.0
125170;Norrberg-Norrhög V;2.0;62.26317;15.67093;1996-03-01 00:00:00;2016-10-01 10:00:00;327.0
125440;Hunge A;2.0;62.7512;15.0876;1995-10-06 00:00:00;2016-10-01 10:00:00;343.0
125450;Hunge;2.0;62.7503;15.0984;1965-01-01 00:00:00;1996-09-30 23:59:59;342.0
125490;Gustavsnäs D;2.0;62.8108;15.9333;2013-09-01 00:00:00;2013-09-30 23:59:59;300.0
126290;Torpshammar A;2.0;62.4943;16.2774;1996-01-01 00:00:00;2016-10-01 10:00:00;99.0
126300;Fränsta 11;2.0;62.5165;16.2084;1962-09-01 00:00:00;1995-12-31 23:59:59;110.0
126440;Sillre V;2.0;62.76291;16.7387;1996-03-01 00:00:00;2016-10-01 10:00:00;210.0
126460;Ljungå;2.0;62.7594;16.3141;1961-01-01 00:00:00;1987-01-31 23:59:59;220.0
126480;Järkvissle;2.0;62.8166;16.6833;1971-11-01 00:00:00;1972-05-31 23:59:59;90.0
126630;Fränsta;2.0;62.5;16.1833;1962-01-01 00:00:00;1963-12-31 23:59:59;110.0
127130;Brämön A;2.0;62.2207;17.7426;1995-10-01 00:00:00;2016-10-01 10:00:00;17.0
127140;Lörudden;2.0;62.2314;17.6623;1967-12-01 00:00:00;1986-01-31 23:59:59;2.0
127220;Sidsjö D;2.0;62.3809;17.2854;1961-01-01 00:00:00;2007-07-31 23:59:59;60.0
127230;Sundsvall-Råsta V;2.0;62.43064;17.3447;1996-03-01 00:00:00;2016-10-01 10:00:00;83.0
127240;Sundsvall;2.0;62.4066;17.2664;1970-08-01 00:00:00;1981-06-30 23:59:59;35.0
127310;Sundsvalls Flygplats;2.0;62.5246;17.441;1955-12-01 00:00:00;2016-10-01 10:00:00;4.0
127380;Härnösand;2.0;62.628;17.9471;1949-01-01 00:00:00;2016-09-30 23:59:59;8.0
127600;Gran;2.0;62.0166;17.6333;1951-01-01 00:00:00;1967-10-31 23:59:59;20.0
127620;Brämö;2.0;62.1299;17.4498;1967-11-11 00:00:00;1970-12-31 23:59:59;17.0
127630;Söråker;2.0;62.5166;17.5166;1962-07-01 00:00:00;1964-12-31 23:59:59;45.0
128370;Härnö;2.0;62.6183;18.0618;1970-10-01 00:00:00;1989-12-31 23:59:59;10.0
128390;Lungö A;2.0;62.643100000000004;18.0929;1990-02-12 00:00:00;1995-08-15 23:59:59;6.0
128510;Nordvik;2.0;62.8485;18.0159;1961-01-01 00:00:00;1987-06-30 23:59:59;20.0
128590;Ullånger;2.0;62.9948;18.1794;1961-01-01 00:00:00;1998-01-31 23:59:59;45.0
132030;Sylarna A;2.0;63.0447;12.2775;1995-11-20 15:00:00;2016-10-01 10:00:00;1030.0
132110;Blåhammaren A;2.0;63.1864;12.1761;2010-10-01 00:00:00;2016-10-01 10:00:00;1090.0
132170;Storlien-Storvallen A;2.0;63.2831;12.1246;2009-11-01 00:00:00;2016-10-01 10:00:00;583.0
132180;Storlien-Visjövalen;2.0;63.3028;12.1253;1962-10-01 00:00:00;2011-09-30 23:59:59;642.0
132240;Duved;2.0;63.4;12.9333;1961-01-01 00:00:00;1979-12-31 23:59:59;385.0
132590;Edevik;2.0;63.9812;12.8709;1980-07-01 00:00:00;2016-08-31 23:59:59;425.0
132620;Storlien;2.0;63.3158;12.1009;1951-01-01 00:00:00;1964-06-30 23:59:59;595.0
133030;Bydalen V;2.0;63.044;13.8907;1996-03-01 00:00:00;1998-05-31 23:59:59;1000.0
133050;Höglekardalen;2.0;63.0796;13.7529;1962-02-01 00:00:00;2016-09-30 23:59:59;592.0
133160;Trillevallen V;2.0;63.2631;13.2166;1998-10-01 00:00:00;2001-04-17 18:00:00;611.0
133180;Mattmar V;2.0;63.30543;13.87671;1996-03-01 00:00:00;2016-10-01 10:00:00;360.0
133190;Mörsil;2.0;63.3193;13.6488;1971-07-01 00:00:00;2016-08-31 23:59:59;400.0
133200;Undersåker;2.0;63.3269;13.3826;1967-05-01 00:00:00;1983-05-31 23:59:59;330.0
133230;Åre;2.0;63.4;13.1;1961-01-01 00:00:00;1971-01-31 23:59:59;440.0
133250;Åre-Björnänge V;2.0;63.37375;13.16067;2001-04-17 00:00:00;2016-10-01 10:00:00;403.0
133260;Åreskutan Aut;2.0;63.4304;13.0746;1982-01-01 00:00:00;1998-01-21 23:59:59;1280.0
133470;Överäng;2.0;63.7788;13.0734;1966-12-01 00:00:00;2006-02-28 23:59:59;450.0
133500;Korsvattnet A;2.0;63.8395;13.5037;1996-02-01 00:00:00;2016-10-01 10:00:00;717.0
133570;Stora Stensjön Aut;2.0;63.9687;13.7251;1981-08-01 00:00:00;1996-01-31 23:59:59;680.0
133630;Mo;2.0;63.3166;13.4833;1961-01-01 00:00:00;1967-03-31 23:59:59;330.0
134090;Norderön;2.0;63.1618;14.3692;2006-12-01 00:00:00;2016-09-30 23:59:59;320.0
134100;Östersund;2.0;63.1736;14.6786;1967-05-01 00:00:00;1980-06-30 23:59:59;345.0
134110;Frösön;2.0;63.1974;14.4863;1970-01-19 00:00:00;2016-10-01 10:00:00;376.0
134130;Frösön D;2.0;63.1947;14.4898;2002-11-01 00:00:00;2006-06-30 23:59:59;375.0
134150;Rösta;2.0;63.2443;14.5535;1961-01-01 00:00:00;2011-12-31 23:59:59;360.0
134410;Föllinge A;2.0;63.677;14.6079;1995-12-01 00:00:00;2016-10-01 10:00:00;362.0
134460;Föllinge-Vägskälet;2.0;63.7606;14.4323;1980-02-01 00:00:00;1995-11-30 23:59:59;475.0
134520;Ålåsen;2.0;63.8683;14.6063;1965-01-01 00:00:00;1979-12-31 23:59:59;450.0
134590;Almdalen;2.0;63.9967;14.6701;1972-07-01 00:00:00;2016-08-31 23:59:59;615.0
135380;Sikåskälen;2.0;63.6198;15.0929;1961-01-01 00:00:00;1984-06-30 23:59:59;490.0
135440;Hallviken;2.0;63.73;15.5;1951-01-01 00:00:00;1978-11-30 23:59:59;337.0
135460;Hallhåxåsen A;2.0;63.7695;15.331;1995-12-01 00:00:00;2016-10-01 10:00:00;375.0
135520;Strömsund;2.0;63.8548;15.5894;1979-01-01 00:00:00;1995-11-30 23:59:59;373.0
135640;Gisselås;2.0;63.7;15.3666;1965-01-01 00:00:00;1965-07-31 23:59:59;320.0
136010;Bispgården;2.0;63.0335;16.5536;1961-01-01 00:00:00;1978-01-31 23:59:59;165.0
136020;Bispgården;2.0;63.0509;16.5358;1984-11-01 00:00:00;1988-06-30 23:59:59;190.0
136090;Krångede A;2.0;63.1521;16.1733;1995-11-21 00:00:00;2016-10-01 10:00:00;183.0
136360;Storfinnforsen;2.0;63.595;16.1846;1961-01-01 00:00:00;2016-08-31 23:59:59;232.0
136410;Junsele A;2.0;63.6849;16.9531;2008-01-01 00:00:00;2016-10-01 10:00:00;214.0
136420;Junsele;2.0;63.6968;16.8723;1963-01-01 00:00:00;1964-09-10 23:59:59;210.0
136610;Bölestrand;2.0;63.1333;16.15;1955-01-01 00:00:00;1965-03-31 23:59:59;220.0
137030;Viksbäcken;2.0;63.05;17.75;1951-10-01 00:00:00;1976-04-30 23:59:59;6.0
137040;Kramfors-Gistgårdsön;2.0;63.0502;17.7658;1976-09-01 00:00:00;1996-04-30 23:59:59;5.0
137080;Forse;2.0;63.1466;17.0262;1996-11-01 00:00:00;2016-09-30 23:59:59;120.0
137100;Sollefteå;2.0;63.166700000000006;17.2802;1971-01-01 00:00:00;1986-06-30 23:59:59;20.0
137110;Lännäs;2.0;63.16629;17.65431;2015-06-01 06:00:00;2016-09-30 23:59:59;30.0
137560;Tegelträsk;2.0;63.9515;17.904;1961-01-01 00:00:00;1985-08-31 23:59:59;380.0
138070;Västmarkum A;2.0;63.1251;18.2555;1995-12-15 00:00:00;2016-10-01 10:00:00;141.0
138240;Örnsköldsviks Flygplats;2.0;63.4119;18.9797;2008-01-01 00:00:00;2016-10-01 10:00:00;108.0
138270;Bredbyn;2.0;63.4608;18.0592;1983-05-01 00:00:00;1995-09-30 23:59:59;85.0
138390;Hemling A;2.0;63.6513;18.5502;1995-12-15 00:00:00;2016-10-01 10:00:00;182.0
138400;Hemling;2.0;63.6574;18.5318;1970-07-01 00:00:00;2011-07-31 23:59:59;190.0
139110;Skagsudde;2.0;63.1885;19.0194;1965-01-01 00:00:00;1995-10-31 23:59:59;13.0
139120;Skagsudde A;2.0;63.1886;19.0202;1995-11-01 00:00:00;2016-10-01 10:00:00;11.0
139200;Kasa D;2.0;63.3266;19.0532;1961-01-01 00:00:00;1986-06-30 23:59:59;30.0
139260;Järnäsklubb A;2.0;63.4359;19.6768;1995-12-15 00:00:00;2016-10-01 10:00:00;6.0
139340;Nordmaling;2.0;63.5739;19.4875;1982-09-13 00:00:00;1987-03-31 23:59:59;4.0
139540;Vännäs;2.0;63.9187;19.6986;1951-01-01 00:00:00;1976-08-31 23:59:59;87.0
139570;Balsjö;2.0;63.925;19.0611;1945-01-01 00:00:00;1948-06-30 23:59:59;195.0
140200;Sydostbrotten Aut;2.0;63.3806;20.0993;1981-02-01 00:00:00;1993-06-10 23:59:59;24.0
140360;Holmögadd A;2.0;63.5949;20.7565;1951-01-01 00:00:00;2008-01-11 18:00:00;6.0
140460;Holmön A;2.0;63.8082;20.8692;2005-05-01 00:00:00;2016-10-01 10:00:00;6.0
140480;Umeå Flygplats;2.0;63.794700000000006;20.291800000000002;1962-01-01 00:00:00;1964-12-31 23:59:59;7.0
140490;Röbäcksdalen;2.0;63.8129;20.2397;1962-01-01 00:00:00;1987-06-30 23:59:59;10.0
140500;Umeå;2.0;63.8302;20.2901;1962-09-01 00:00:00;1979-09-30 23:59:59;10.0
142030;Björkede;2.0;64.0432;12.9414;1965-01-01 00:00:00;1980-05-31 23:59:59;451.0
143440;Jormlien;2.0;64.73060000000001;13.986;1980-11-01 00:00:00;2016-08-31 23:59:59;360.0
144160;Munsvattnet;2.0;64.2734;14.451;1961-01-01 00:00:00;1997-04-30 23:59:59;520.0
144300;Gäddede;2.0;64.5059;14.1465;1976-05-22 00:00:00;1982-02-28 23:59:59;318.0
144310;Gäddede A;2.0;64.5057;14.2238;2008-01-01 00:00:00;2016-10-01 10:00:00;550.0
144650;Ankarvattnet;2.0;64.8666;14.25;1965-01-01 00:00:00;1966-01-31 23:59:59;460.0
145130;Gubbhögen A;2.0;64.2182;15.5561;1995-12-15 00:00:00;2016-10-01 10:00:00;310.0
145260;Norråker;2.0;64.4309;15.6332;1975-08-01 00:00:00;1995-11-30 23:59:59;344.0
145280;Korsselbränna;2.0;64.4571;15.5423;1961-01-01 00:00:00;1975-12-31 23:59:59;178.0
145340;Högland;2.0;64.5666;15.9166;1951-01-01 00:00:00;1975-06-30 23:59:59;401.0
145450;Brännåkersfjället V;2.0;64.7507;15.8307;1996-04-01 00:00:00;1997-03-31 23:59:59;630.0
145580;Saxnäs V;2.0;64.96782;15.37907;1998-10-01 00:00:00;2016-10-01 10:00:00;542.0
146050;Hoting A;2.0;64.0885;16.2388;1996-02-01 00:00:00;2016-10-01 10:00:00;241.0
146070;Hoting;2.0;64.1236;16.2149;1969-12-01 00:00:00;1997-09-30 23:59:59;240.0
146350;Vilhelmina A;2.0;64.5809;16.8421;1995-10-01 00:00:00;2016-10-01 10:00:00;348.0
146380;Laxbäcken;2.0;64.6389;16.4142;1961-01-01 00:00:00;2016-08-31 23:59:59;345.0
147090;Åsele A;2.0;64.1661;17.3188;1995-12-15 00:00:00;2016-10-01 10:00:00;307.0
147100;Åsele;2.0;64.159;17.3494;1992-01-01 00:00:00;2016-08-31 23:59:59;310.0
147270;Idvattnet;2.0;64.4542;17.0794;1982-10-01 00:00:00;1996-01-31 23:59:59;352.0
147420;Risträsk V;2.0;64.73431;17.40337;1996-03-01 00:00:00;2016-10-01 10:00:00;598.0
147460;Ulvoberg;2.0;64.7627;17.2165;1961-01-01 00:00:00;2005-01-31 23:59:59;520.0
147560;Gunnarn A;2.0;65.0106;17.7034;2008-11-01 00:00:00;2016-10-01 10:00:00;251.0
147570;Gunnarn;2.0;65.0074;17.7085;2003-08-01 00:00:00;2013-04-13 05:59:59;280.0
148040;Fredrika A;2.0;64.0753;18.3656;1996-01-01 00:00:00;2016-10-01 10:00:00;327.0
148050;Fredrika;2.0;64.0763;18.419;1980-07-01 00:00:00;1995-12-31 23:59:59;300.0
148300;Kroksjö;2.0;64.503;17.9972;1969-09-01 00:00:00;1989-01-31 23:59:59;520.0
148330;Lycksele A;2.0;64.5492;18.7169;1995-12-15 00:00:00;2016-10-01 10:00:00;210.0
148350;Lycksele;2.0;64.5871;18.6587;1962-02-01 00:00:00;1995-10-31 23:59:59;234.0
149120;Vindeln-Sunnansjönäs;2.0;64.1973;19.7243;1989-03-01 00:00:00;2000-05-09 23:59:59;177.0
149160;Hällnäs-Lund;2.0;64.2684;19.6314;1951-03-01 00:00:00;1989-02-28 23:59:59;181.0
149340;Petisträsk A;2.0;64.5669;19.6983;1995-12-15 00:00:00;2016-10-01 10:00:00;258.0
149540;Norsjö;2.0;64.9093;19.4746;1996-03-01 00:00:00;2016-08-31 23:59:59;296.0
149560;Norsjö A;2.0;64.9263;19.3782;1995-11-01 00:00:00;2016-10-01 10:00:00;309.0
149570;Storliden;2.0;64.95;19.4833;1965-01-01 00:00:00;1973-07-31 23:59:59;390.0
149610;Kulbäcksliden;2.0;64.2;19.5666;1961-01-01 00:00:00;1967-12-31 23:59:59;200.0
150270;Västanträsk;2.0;64.4502;20.4055;1970-07-01 00:00:00;2008-08-31 23:59:59;140.0
150450;Skellefteå;2.0;64.7584;20.9478;1971-10-04 00:00:00;1979-10-31 23:59:59;40.0
150640;Klutmark;2.0;64.75;20.6333;1950-09-01 00:00:00;1966-06-30 23:59:59;80.0
151220;Lövånger;2.0;64.3636;21.3152;1962-01-01 00:00:00;2004-12-31 23:59:59;21.0
151240;Hökmarksberget V;2.0;64.43583;21.27997;1996-03-01 00:00:00;2016-10-01 10:00:00;92.0
151280;Bjuröklubb A;2.0;64.4812;21.5791;1995-12-15 00:00:00;2016-10-01 10:00:00;40.0
151290;Bjuröklubb;2.0;64.4806;21.5787;1949-01-01 00:00:00;1997-12-31 23:59:59;36.0
151380;Skellefteå Flygplats;2.0;64.62440000000001;21.0717;1962-01-01 00:00:00;1992-03-31 23:59:59;46.0
151550;Furuögrund;2.0;64.9112;21.2263;1969-11-01 00:00:00;1983-08-31 23:59:59;10.0
151640;Ursviken;2.0;64.7166;21.15;1961-01-01 00:00:00;1967-06-30 23:59:59;5.0
154720;Klimpfjäll;2.0;65.062;14.7908;1981-05-01 00:00:00;1984-11-30 23:59:59;588.0
154730;Stekenjokk A;2.0;65.0942;14.5085;1995-10-26 00:00:00;2016-10-01 10:00:00;1036.0
154860;Abelvattnet Aut;2.0;65.53;14.97;1985-05-01 00:00:00;1996-08-31 23:59:59;665.0
155680;Kittelfjäll;2.0;65.25;15.5;1965-06-01 00:00:00;1966-04-30 23:59:59;560.0
155710;Blaikliden;2.0;65.0464;15.7486;1980-09-01 00:00:00;2000-06-30 23:59:59;520.0
155720;Marsliden;2.0;65.0251;15.3668;2000-11-01 00:00:00;2013-11-30 23:59:59;550.0
155790;Gielas A;2.0;65.328;15.0686;1996-10-01 00:00:00;2016-10-01 11:00:00;577.0
155900;Boksjö;2.0;65.6772;15.8245;1969-08-01 00:00:00;2015-02-28 23:59:59;475.0
155910;Tärnaby;2.0;65.7166;15.25;1949-01-01 00:00:00;1972-12-31 23:59:59;450.0
155940;Hemavan;2.0;65.7968;15.1045;1991-10-01 00:00:00;2008-07-08 23:59:59;475.0
155960;Hemavan-Giertevarto A;2.0;65.7832;15.0645;1995-11-20 13:00:00;2016-10-01 11:00:00;793.0
155970;Hemavan Flygplats;2.0;65.8077;15.0854;2008-01-01 00:00:00;2016-10-01 11:00:00;458.0
156730;Långvattnet;2.0;65.1049;16.6919;1961-01-01 00:00:00;1999-01-31 23:59:59;420.0
156770;Dikanäs;2.0;65.2365;15.9883;1966-09-01 00:00:00;1980-12-31 23:59:59;485.0
156790;Dikanäs Skansnäs;2.0;65.32350000000001;16.0353;1983-08-01 00:00:00;2000-03-13 23:59:59;525.0
156850;Danasjö;2.0;65.5374;16.5393;1978-07-01 00:00:00;2002-07-31 23:59:59;652.0
156940;Vindel-Björkheden;2.0;65.8211;16.7114;1977-10-01 00:00:00;1996-01-31 23:59:59;350.0
156990;Ammarnäs;2.0;65.9744;16.2283;1991-11-01 00:00:00;2000-08-31 23:59:59;440.0
157720;Stensele;2.0;65.0706;17.1536;1983-09-20 00:00:00;2004-12-31 23:59:59;325.0
157860;Sorsele;2.0;65.5354;17.5225;1997-10-14 00:00:00;2016-09-30 23:59:59;360.0
157870;Buresjön A;2.0;65.5592;17.86;1995-10-26 00:00:00;2016-10-01 11:00:00;393.0
157930;Vindel-Storsjö;2.0;65.7666;17.05;1965-01-01 00:00:00;1977-08-31 23:59:59;345.0
158740;Malå-Brännan A;2.0;65.1522;18.5974;1995-12-15 00:00:00;2016-10-01 11:00:00;363.0
158750;Malå;2.0;65.1808;18.7431;1991-11-01 00:00:00;2016-09-30 23:59:59;320.0
158850;Storberg;2.0;65.5085;18.9505;1951-01-01 00:00:00;1995-08-31 23:59:59;453.0
158990;Abraur;2.0;65.9867;18.9236;1996-02-01 00:00:00;2016-08-31 23:59:59;370.0
159680;Saltmyran;2.0;65.4166;19.5;1963-04-01 00:00:00;1964-08-31 23:59:59;350.0
159770;Glommersträsk;2.0;65.278;19.6673;1993-10-01 00:00:00;2016-09-30 23:59:59;395.0
159880;Arvidsjaur A;2.0;65.5953;19.2682;1996-02-01 00:00:00;2016-10-01 11:00:00;382.0
159970;Suddesjaur;2.0;65.8952;19.0929;1951-01-01 00:00:00;1991-06-30 23:59:59;342.0
160740;Fällfors;2.0;65.1317;20.7891;1959-11-01 00:00:00;1995-12-31 23:59:59;195.0
160750;Fällfors Mo;2.0;65.1089;20.7652;1996-05-01 00:00:00;2005-06-30 23:59:59;195.0
160790;Myrheden;2.0;65.2984;20.2124;1955-01-01 00:00:00;1984-06-30 23:59:59;250.0
160800;Fagerheden;2.0;65.3373;20.9026;1950-12-01 00:00:00;1950-12-31 23:59:59;220.0
160890;Älvsbyn M;2.0;65.6935;20.9858;1972-03-01 00:00:00;1995-04-30 23:59:59;47.0
160960;Vidsel;2.0;65.8801;20.1315;1965-03-01 00:00:00;2016-08-31 23:59:59;180.0
160970;Vidsel Mo;2.0;65.8769;20.1543;1996-05-01 00:00:00;2016-10-01 11:00:00;182.0
161650;Hednoret;2.0;65.8333;21.55;1961-01-01 00:00:00;1963-06-30 23:59:59;27.0
161660;Brännbergs försöksgård;2.0;65.8;21.2666;1962-01-01 00:00:00;1962-09-30 23:59:59;88.0
161670;Rönnskär;2.0;65.0333;21.5666;1951-01-01 00:00:00;1969-08-31 23:59:59;5.0
161680;Sunderbyn;2.0;65.7;21.85;1961-01-01 00:00:00;1968-12-31 23:59:59;20.0
161710;Pite-Rönnskär A;2.0;65.035;21.5655;1995-12-15 00:00:00;2016-10-01 11:00:00;4.0
161770;Pitsund;2.0;65.23;21.52;1964-09-01 00:00:00;1972-06-30 23:59:59;8.0
161780;Haraholmen;2.0;65.2391;21.6317;1973-09-01 00:00:00;1988-07-31 23:59:59;4.0
161790;Piteå;2.0;65.3156;21.4907;1961-01-01 00:00:00;1998-06-30 23:59:59;6.0
161890;Älvsbyn M;2.0;65.68;20.97;1966-05-01 00:00:00;1968-12-31 23:59:59;50.0
161910;Älvsbyn A;2.0;65.6702;21.0662;1995-10-18 00:00:00;2016-10-01 11:00:00;40.0
161920;Sävast V;2.0;65.75272;21.76498;2010-12-01 00:00:00;2016-10-01 11:00:00;9.0
161940;Boden Mo;2.0;65.8151;21.6396;2010-03-01 00:00:00;2016-10-01 11:00:00;25.0
162790;Rödkallen A;2.0;65.3131;22.3753;1996-04-01 00:00:00;2016-10-01 11:00:00;1.0
162800;Farstugrunden Aut;2.0;65.33;22.75;1981-02-01 00:00:00;1995-12-21 23:59:59;1.0
162860;Luleå Flygplats;2.0;65.5434;22.1193;1951-01-01 00:00:00;2016-10-01 11:00:00;17.0
162870;Luleå-Bergnäset;2.0;65.5762;22.109;2002-09-16 00:00:00;2016-09-30 23:59:59;12.0
162880;Luleå;2.0;65.62;22.1307;1961-01-01 00:00:00;1988-06-30 23:59:59;5.0
162970;Högsön;2.0;65.8849;22.3961;1961-01-01 00:00:00;1981-08-31 23:59:59;8.0
162980;Orrbyn;2.0;65.9446;22.116;1997-10-01 00:00:00;2011-07-01 23:59:59;15.0
163680;Björkfors;2.0;65.9166;23.4666;1945-12-01 00:00:00;1963-06-30 23:59:59;10.0
163690;Kalix;2.0;65.85;23.2;1951-01-01 00:00:00;1969-10-31 23:59:59;6.0
163900;Storön A;2.0;65.6982;23.1005;1996-01-01 00:00:00;2016-10-01 11:00:00;4.0
163920;Storöhamn;2.0;65.7306;23.0924;1969-12-01 00:00:00;1995-12-31 23:59:59;7.0
163950;Haparanda;2.0;65.8367;24.113;2009-07-01 00:00:00;2013-01-01 23:59:59;5.0
163960;Haparanda A;2.0;65.8249;24.1162;2008-11-01 00:00:00;2016-10-01 11:00:00;16.0
166810;Jäckvik;2.0;66.3824;16.9959;1961-01-01 00:00:00;1986-09-30 23:59:59;430.0
166870;Vuoggatjålme;2.0;66.5759;16.3511;1965-01-01 00:00:00;1995-12-31 23:59:59;500.0
166900;Mierkenies;2.0;66.6798;16.1137;1990-01-01 00:00:00;1996-10-31 23:59:59;600.0
166910;Mierkenis A;2.0;66.6815;16.1088;1996-11-01 00:00:00;2016-10-01 11:00:00;614.0
166940;Lillviken-Roparudden V;2.0;66.48603;16.41734;1996-04-01 00:00:00;2016-10-01 11:00:00;483.0
167710;Arjeplog A;2.0;66.0456;17.8671;1961-01-01 00:00:00;1989-10-31 23:59:59;430.0
167730;Laisvallsby;2.0;66.1347;17.1748;1973-10-01 00:00:00;1982-06-30 23:59:59;460.0
167800;Jäkkvik V;2.0;66.32417;17.09442;2010-12-01 00:00:00;2016-10-01 11:00:00;552.0
167860;Stenudden;2.0;66.5343;17.6677;1965-10-01 00:00:00;1990-01-31 23:59:59;453.0
167980;Kvikkjokk-Årrenjarka;2.0;66.8876;18.0179;1997-06-01 00:00:00;2013-03-31 23:59:59;314.0
167990;Kvikkjokk-Årrenjarka A;2.0;66.8888;18.0234;2008-11-01 00:00:00;2016-10-01 11:00:00;320.0
168910;Karats;2.0;66.6932;18.814600000000002;1974-02-01 00:00:00;1974-07-31 23:59:59;414.0
169790;Tjåkaape Mo;2.0;66.3002;19.2;2006-05-01 00:00:00;2016-10-01 11:00:00;581.0
169860;Vajmat V;2.0;66.50502;19.67495;1996-03-01 00:00:00;2016-10-01 11:00:00;325.0
169880;Jokkmokk;2.0;66.6135;19.8316;2010-01-01 00:00:00;2016-09-30 23:59:59;240.0
169930;Randijaur;2.0;66.761;19.3168;1967-01-01 00:00:00;1973-02-28 23:59:59;290.0
170670;Harads;2.0;66.0833;20.9666;1965-01-01 00:00:00;1970-04-30 23:59:59;35.0
170680;Sarkavara;2.0;66.7374;20.3605;1962-01-01 00:00:00;1963-08-31 23:59:59;385.0
170690;Nattavara;2.0;66.7666;20.9666;1962-01-01 00:00:00;1963-08-31 23:59:59;330.0
170790;Sudok;2.0;66.3006;20.424;1975-09-01 00:00:00;1995-04-30 23:59:59;170.0
170850;Murjek;2.0;66.48;20.9;1961-06-01 00:00:00;1968-02-29 23:59:59;245.0
170860;Jokkmokk Flygplats Mo;2.0;66.499;20.131;2000-03-01 00:00:00;2016-10-01 11:00:00;275.0
170930;Nattavaara A;2.0;66.7529;20.9281;1996-04-01 00:00:00;2016-10-01 11:00:00;327.0
171790;Lakaträsk A;2.0;66.2801;21.133;1995-11-21 00:00:00;2016-10-01 11:00:00;185.0
171810;Pålkem;2.0;66.3888;21.6098;1962-02-01 00:00:00;1985-12-31 23:59:59;265.0
171820;Pålkem M;2.0;66.38550000000001;21.6167;1970-05-01 00:00:00;2000-10-31 23:59:59;261.0
171920;Nattavaara by;2.0;66.7586;21.0537;1990-02-01 00:00:00;1991-09-30 23:59:59;350.0
172680;Naisheden;2.0;66.5333;22.3666;1951-01-01 00:00:00;1962-06-30 23:59:59;95.0
172770;Överkalix-Svartbyn A;2.0;66.263;22.8472;1995-12-01 00:00:00;2016-10-01 11:00:00;61.0
172790;Överkalix-Svartbyn;2.0;66.2833;22.85;1962-07-09 00:00:00;1975-02-28 23:59:59;50.0
172920;Markusvinsa;2.0;66.7265;22.9001;2002-05-01 00:00:00;2016-09-30 23:59:59;164.0
172940;Paharova A;2.0;66.8107;22.336;1995-12-01 00:00:00;2016-10-01 11:00:00;228.0
173810;Övertorneå;2.0;66.3862;23.622;2001-06-01 00:00:00;2016-09-30 23:59:59;75.0
173900;Ylinenjärvi A;2.0;66.6235;23.468;1995-12-15 00:00:00;2016-10-01 11:00:00;132.0
173960;Korpilombolo M;2.0;66.8542;23.0571;1966-03-01 00:00:00;1995-08-31 23:59:59;178.0
176800;Staloluokta;2.0;67.4083;16.4199;1989-09-01 00:00:00;1994-10-31 23:59:59;600.0
177920;Ritsem;2.0;67.7261;17.4718;1981-03-01 00:00:00;1998-01-31 23:59:59;521.0
177930;Ritsem A;2.0;67.7262;17.4711;1997-09-01 00:00:00;2016-10-01 11:00:00;532.0
178680;Saltoluokta;2.0;67.3833;18.55;1962-02-01 00:00:00;1962-04-30 23:59:59;393.0
178740;Aktse;2.0;67.1498;18.3061;1961-01-01 00:00:00;1981-09-30 23:59:59;530.0
178790;Aluokta;2.0;67.3094;18.9011;1993-02-01 00:00:00;2003-09-30 23:59:59;385.0
178820;Björkudden;2.0;67.3956;18.7156;2004-04-01 00:00:00;2016-09-30 23:59:59;376.0
178850;Satis;2.0;67.5009;18.3911;1980-09-01 00:00:00;1995-06-30 23:59:59;425.0
178860;Stora Sjöfallet A;2.0;67.4964;18.2943;1996-03-01 00:00:00;2016-10-01 11:00:00;425.0
178970;Tarfala A;2.0;67.9113;18.6068;1995-11-01 00:00:00;2016-10-01 11:00:00;1150.0
179740;Ålloluokta;2.0;67.1261;19.4976;1978-07-01 00:00:00;2004-12-31 23:59:59;370.0
179950;Nikkaluokta;2.0;67.8488;19.0233;1965-01-01 00:00:00;1988-12-31 23:59:59;470.0
179960;Nikkaluokta A;2.0;67.8488;19.0233;1988-12-01 00:00:00;1995-10-31 23:59:59;470.0
180690;Kiruna;2.0;67.85;20.2333;1963-01-01 00:00:00;1964-12-31 23:59:59;505.0
180730;Gällivare;2.0;67.1429;20.6586;1971-07-01 00:00:00;1978-01-31 23:59:59;365.0
180740;Gällivare Flygplats;2.0;67.1358;20.8144;1971-04-18 00:00:00;1992-02-29 23:59:59;312.0
180750;Malmberget;2.0;67.1705;20.6686;1949-01-01 00:00:00;1964-01-12 23:59:59;393.0
180760;Gällivare A;2.0;67.1421;20.6455;1995-12-15 00:00:00;2016-10-01 11:00:00;359.0
180770;Latnivaara A;2.0;67.2564;20.2747;1995-11-21 00:00:00;2016-10-01 11:00:00;453.0
180940;Kiruna Flygplats;2.0;67.827;20.3387;1996-01-01 00:00:00;2016-10-01 11:00:00;459.0
181890;Svappavaara;2.0;67.65010000000001;21.0558;1974-07-01 00:00:00;1986-06-30 23:59:59;327.0
181900;Vittangi;2.0;67.6943;21.6335;2009-08-01 00:00:00;2016-09-30 23:59:59;250.0
181970;Esrange;2.0;67.89110000000001;21.084600000000002;2004-10-01 00:00:00;2016-09-30 23:59:59;328.0
182720;Kompelusvaara;2.0;67.0919;22.2178;1965-01-01 00:00:00;1985-02-28 23:59:59;263.0
182810;Saittarova A;2.0;67.3376;22.2334;1995-12-15 00:00:00;2016-10-01 11:00:00;240.0
182910;Parkalompolo A;2.0;67.7315;22.8266;1995-12-15 00:00:00;2016-10-01 11:00:00;312.0
182930;Lainio;2.0;67.7615;22.3518;1980-10-01 00:00:00;2016-08-31 23:59:59;315.0
183750;Pajala A;2.0;67.2049;23.3952;2008-01-01 00:00:00;2016-10-01 11:00:00;171.0
183760;Pajala;2.0;67.2101;23.3928;1962-12-21 00:00:00;2008-07-03 23:59:59;168.0
183980;Muodoslompolo;2.0;67.9443;23.4441;1965-01-01 00:00:00;1996-01-31 23:59:59;240.0
188790;Abisko Aut;2.0;68.3555;18.8211;1985-04-01 00:00:00;1997-02-28 23:59:59;388.0
188800;Abisko;2.0;68.3557;18.8206;1966-01-01 00:00:00;2016-08-31 23:59:59;388.0
188810;Vassijaure;2.0;68.4316;18.2839;1986-09-01 00:00:00;1993-04-30 23:59:59;537.0
188820;Katterjåkk;2.0;68.4218;18.1698;1972-03-01 00:00:00;2016-09-30 23:59:59;515.0
188830;Riksgränsen;2.0;68.4284;18.1302;1949-01-01 00:00:00;1972-08-31 23:59:59;508.0
188840;Tornehamn Aut;2.0;68.4324;18.6281;1986-09-01 00:00:00;1993-04-01 06:00:00;512.0
188850;Katterjåkk A;2.0;68.4217;18.1719;2008-11-01 00:00:00;2016-10-01 11:00:00;516.0
189720;Rensjön A;2.0;68.0745;19.8392;1995-12-15 00:00:00;2016-10-01 11:00:00;493.0
189760;Torneträsk;2.0;68.2201;19.7123;1971-09-01 00:00:00;1995-04-30 23:59:59;393.0
189780;Kattuvuoma;2.0;68.2833;19.9;1965-01-01 00:00:00;1971-09-30 23:59:59;355.0
191720;Nedre Soppero V;2.0;68.04398;21.75496;1996-03-01 00:00:00;2016-10-01 11:00:00;355.0
191900;Naimakka;2.0;68.6779;21.5277;1965-01-01 00:00:00;1996-01-31 23:59:59;403.0
191910;Naimakka A;2.0;68.6777;21.5274;1995-10-26 00:00:00;2016-10-01 11:00:00;402.0
192710;Lannavaara;2.0;68.0502;21.9814;1965-01-01 00:00:00;1983-06-30 23:59:59;630.0
192830;Karesuando;2.0;68.4421;22.450200000000002;1998-12-08 00:00:00;2012-08-31 23:59:59;330.0
192840;Karesuando A;2.0;68.4432;22.4488;2008-11-01 00:00:00;2016-10-01 11:00:00;330.0
52230;Falsterbo;2.0;55.3836;12.8203;1949-01-01 00:00:00;2016-10-01 06:00:00;5.0
52240;Falsterbo A;2.0;55.3838;12.819;2009-07-01 00:00:00;2016-10-01 06:00:00;5.0
52350;Malmö A;2.0;55.6049;12.9843;1990-01-01 00:00:00;1995-10-31 23:59:59;3.0
52360;Oskarsgrundet No;2.0;55.597;12.8575;1985-05-01 00:00:00;1999-06-17 23:59:59;1.0
52510;Örja Aut;2.0;55.8798;12.8705;1986-07-01 00:00:00;1992-12-31 23:59:59;11.0
52550;Ven;2.0;55.900000000000006;12.716600000000001;1968-09-01 00:00:00;1972-01-31 23:59:59;40.0
53180;Rynge V;2.0;55.47411;13.66833;1996-03-01 00:00:00;2016-10-01 06:00:00;48.0
53200;Smygehuk;2.0;55.3376;13.3563;1951-01-01 00:00:00;1988-06-30 23:59:59;5.0
53220;Maglarp Aut;2.0;55.384;13.0595;1984-05-01 00:00:00;1995-10-17 18:00:00;17.0
53250;Jordberga;2.0;55.4114;13.4001;1961-01-01 00:00:00;1974-12-31 23:59:59;40.0
53260;Ystad;2.0;55.441;13.8278;1963-09-17 00:00:00;1983-08-31 23:59:59;32.0
53300;Sturup;2.0;55.5231;13.3787;2008-01-01 00:00:00;2016-10-01 06:00:00;72.0
53360;Malmö;2.0;55.6093;13.0817;1972-11-01 00:00:00;1980-06-30 23:59:59;5.0
53370;Malmö 2;2.0;55.6048;12.9841;1951-01-01 00:00:00;1964-04-30 23:59:59;3.0
53430;Lund;2.0;55.693;13.229;1992-12-07 00:00:00;2016-09-30 23:59:59;25.0
53440;Lund Lth;2.0;55.7142;13.2152;1990-07-01 00:00:00;1999-03-08 23:59:59;73.0
53470;Örtofta;2.0;55.7833;13.25;1961-01-01 00:00:00;1974-12-31 23:59:59;20.0
53510;Trollenäs;2.0;55.8666;13.25;1971-08-01 00:00:00;1973-01-31 23:59:59;55.0
53530;Hörby A;2.0;55.8633;13.6689;1995-08-01 00:00:00;2016-10-01 06:00:00;114.0
53540;Stehag;2.0;55.9033;13.3995;1961-01-01 00:00:00;1989-07-31 23:59:59;60.0
53560;Svalöv;2.0;55.9081;13.1174;1961-01-01 00:00:00;1989-12-31 23:59:59;72.0
53630;Hököpinge;2.0;55.5;13.0166;1962-02-01 00:00:00;1968-08-31 23:59:59;17.0
53640;Alnarp;2.0;55.65;13.0833;1961-01-01 00:00:00;1969-02-28 23:59:59;10.0
53650;Björka;2.0;55.7;13.6333;1951-01-01 00:00:00;1970-05-31 23:59:59;32.0
53770;Arlöv sockerbruk;2.0;55.6333;13.0667;1945-01-01 00:00:00;1948-12-31 23:59:59;3.0
54230;Sandhammaren;2.0;55.3872;14.1947;1966-08-01 00:00:00;1995-09-30 23:59:59;4.0
54290;Skillinge A;2.0;55.4889;14.3172;1995-10-01 00:00:00;2016-10-01 06:00:00;4.0
54300;Bollerup;2.0;55.4907;14.0476;1961-01-01 00:00:00;2016-08-31 23:59:59;55.0
54330;Simrishamn;2.0;55.544900000000005;14.357800000000001;1971-08-01 00:00:00;1996-10-31 23:59:59;8.0
54390;Sankt Olof;2.0;55.6402;14.1273;1979-09-01 00:00:00;1985-12-31 23:59:59;130.0
54400;Stenshuvud;2.0;55.6646;14.2595;1972-09-01 00:00:00;1981-05-31 23:59:59;112.0
54550;Kristianstad everöd;2.0;55.9245;14.0842;1962-01-01 00:00:00;1995-12-31 23:59:59;17.0
54990;Kristianstad V;2.0;56.02391;14.10272;2010-12-01 00:00:00;2016-10-01 06:00:00;7.0
55570;Utklippan A;2.0;55.9557;15.7077;1996-05-01 00:00:00;2016-10-01 06:00:00;3.0
62030;Helsingborg;2.0;56.0431;12.6906;1972-08-01 00:00:00;1995-07-31 23:59:59;5.0
62040;Helsingborg A;2.0;56.0304;12.7653;1995-08-01 00:00:00;2016-10-01 06:00:00;43.0
62080;Hasslarp;2.0;56.1333;12.8166;1961-01-01 00:00:00;1974-12-31 23:59:59;10.0
62130;Munka-Ljungby;2.0;56.2287;12.9834;2002-05-01 00:00:00;2014-09-30 23:59:59;20.0
62140;Nyhamnsläge;2.0;56.2451;12.5438;1998-03-01 00:00:00;2016-08-31 23:59:59;13.0
62180;Barkåkra;2.0;56.2979;12.8441;2008-01-01 00:00:00;2016-10-01 06:00:00;18.0
62190;Kullen;2.0;56.3012;12.454;1951-01-01 00:00:00;1998-02-28 23:59:59;72.0
62250;Hunnestorp V;2.0;56.40404;12.94361;1996-03-01 00:00:00;2016-10-01 06:00:00;159.0
62260;Hallands Väderö A;2.0;56.4495;12.547;1995-08-01 00:00:00;2016-10-01 06:00:00;10.0
62390;Halmstad;2.0;56.675;12.9247;2002-05-01 00:00:00;2004-12-31 23:59:59;25.0
62400;Halmstad;2.0;56.6737;12.9242;2006-01-01 00:00:00;2016-09-30 23:59:59;24.0
62410;Halmstad Flygflottilj;2.0;56.6833;12.8332;1951-01-01 00:00:00;1955-06-30 23:59:59;25.0
62520;Falkenberg;2.0;56.8994;12.4798;1998-12-01 00:00:00;2003-06-30 23:59:59;5.0
62530;Eftra-Broen V;2.0;56.8865;12.6739;1996-03-01 00:00:00;1996-12-31 23:59:59;50.0
62550;Glommen;2.0;56.9303;12.3579;1970-07-01 00:00:00;1977-11-30 23:59:59;2.0
62560;Jonstorp;2.0;56.931;12.5514;1964-02-01 00:00:00;1997-12-31 23:59:59;25.0
62630;Hallands väderö;2.0;56.45;12.55;1961-01-01 00:00:00;1965-06-30 23:59:59;12.0
63050;Ljungbyhed;2.0;56.0752;13.2318;1951-01-01 00:00:00;2001-07-16 23:59:59;43.0
63160;Hästveda Mo;2.0;56.2799;13.9432;2010-03-01 00:00:00;2016-10-01 07:00:00;103.0
63220;Osby;2.0;56.38;13.98;1953-05-01 00:00:00;1961-10-31 23:59:59;86.0
63230;Skånes fagerhult;2.0;56.366600000000005;13.466600000000001;1965-01-01 00:00:00;1972-05-31 23:59:59;118.0
63280;Markaryd;2.0;56.4595;13.6191;1997-02-01 00:00:00;2016-09-30 23:59:59;110.0
63340;Genevad;2.0;56.5684;13.0338;1961-01-01 00:00:00;2002-06-30 23:59:59;20.0
63440;Simlångsdalen;2.0;56.7154;13.1247;1961-01-01 00:00:00;1986-03-31 23:59:59;75.0
63450;Singeshult;2.0;56.7429;13.3608;1961-01-01 00:00:00;1996-10-31 23:59:59;165.0
63500;Ljungby;2.0;56.8311;13.948;1962-02-01 00:00:00;1971-10-31 23:59:59;140.0
63510;Ljungby A;2.0;56.8526;13.8822;1995-08-01 00:00:00;2016-10-01 07:00:00;148.0
63530;Fröslida;2.0;56.8666;13.0666;1965-01-01 00:00:00;1972-05-31 23:59:59;70.0
63590;Torup A;2.0;56.9496;13.0625;2008-01-01 00:00:00;2016-10-01 07:00:00;130.0
63600;Torup;2.0;56.9628;13.0746;1991-07-01 00:00:00;2004-09-30 23:59:59;85.0
63610;Kolleberga;2.0;56.0666;13.2666;1961-01-01 00:00:00;1964-09-30 23:59:59;50.0
63630;Knäred;2.0;56.5177;13.3157;1967-07-01 00:00:00;1969-01-31 23:59:59;70.0
64020;Hanö A;2.0;56.0131;14.8488;1995-12-01 00:00:00;2016-10-01 07:00:00;55.0
64030;Kristianstad;2.0;56.0133;14.2896;2004-04-01 00:00:00;2016-09-30 23:59:59;10.0
64040;Karpalund;2.0;56.05;14.1;1971-01-01 00:00:00;1974-12-31 23:59:59;4.0
64130;Karlshamn;2.0;56.1813;14.8517;1961-01-01 00:00:00;2016-09-30 23:59:59;50.0
64290;Urshult-Kunninge;2.0;56.4782;14.8024;1990-04-01 00:00:00;2005-10-31 23:59:59;145.0
64320;Tingsryd-Degerhaga;2.0;56.5376;14.9019;2007-11-01 00:00:00;2016-09-30 23:59:59;176.0
64330;Ekefors;2.0;56.5546;14.7571;1970-06-01 00:00:00;1989-12-31 23:59:59;145.0
64400;Uråsa;2.0;56.6833;14.95;1962-04-01 00:00:00;1975-01-31 23:59:59;167.0
64510;Växjö A;2.0;56.8464;14.8324;1995-08-01 00:00:00;2016-10-01 07:00:00;199.0
64520;Växjö;2.0;56.8427;14.8176;2002-09-16 00:00:00;2006-11-30 23:59:59;170.0
64560;Växjö-Kronoberg;2.0;56.9252;14.7333;1985-05-01 00:00:00;1995-08-31 23:59:59;182.0
64600;Rinkaby;2.0;55.9833;14.2666;1952-11-01 00:00:00;1962-06-30 23:59:59;7.0
64620;Ryd;2.0;56.45;14.7166;1965-01-01 00:00:00;1967-08-31 23:59:59;140.0
65020;Ungskär;2.0;56.0419;15.8081;1972-10-01 00:00:00;1996-01-31 23:59:59;2.0
65090;Karlskrona-Söderstj. Mo;2.0;56.1498;15.5921;2010-03-01 00:00:00;2016-10-01 07:00:00;2.0
65130;Marielund;2.0;56.2182;15.5331;1961-01-01 00:00:00;1978-02-28 23:59:59;25.0
65160;Ronneby-Bredåkra;2.0;56.2619;15.2742;1949-01-01 00:00:00;2016-10-01 07:00:00;58.0
65310;Vissefjärda;2.0;56.5124;15.6235;1986-11-01 00:00:00;1992-08-31 23:59:59;114.0
65360;Rörsbo;2.0;56.601;15.5192;1969-09-01 00:00:00;1976-12-31 23:59:59;140.0
65450;Lessebo;2.0;56.7486;15.2747;1967-01-01 00:00:00;2006-07-31 23:59:59;170.0
65510;Kosta Mo;2.0;56.8403;15.47;2005-03-01 00:00:00;2016-10-01 07:00:00;230.0
65640;Emmaboda;2.0;56.6333;15.55;1951-01-01 00:00:00;1967-08-31 23:59:59;150.0
65730;Ronneby;2.0;56.2;15.2833;1951-01-01 00:00:00;1960-12-31 23:59:59;10.0
66040;Ölands Södra Grund;2.0;56.07;16.68;1981-02-01 00:00:00;1993-09-30 23:59:59;1.0
66110;Ölands Södra Udde A;2.0;56.1977;16.4036;1995-11-01 00:00:00;2016-10-01 07:00:00;2.0
66120;Ölands Södra Udde;2.0;56.1957;16.401;1941-01-01 00:00:00;1995-10-31 23:59:59;3.0
66320;Mörbylånga;2.0;56.5256;16.39;1962-01-01 00:00:00;1991-01-31 23:59:59;5.0
66400;Ölandsbron V;2.0;56.66694;16.4609;1996-03-01 00:00:00;2016-10-01 07:00:00;0.0
66410;Kalmar;2.0;56.727;16.2944;1979-10-01 00:00:00;1996-01-31 23:59:59;15.0
66420;Kalmar Flygplats;2.0;56.6784;16.2922;1996-01-09 12:00:00;2016-10-01 07:00:00;6.0
66470;Ekerum;2.0;56.7849;16.5812;1973-01-01 00:00:00;1973-10-31 23:59:59;40.0
66500;Skedemosse;2.0;56.823;16.7337;1998-06-01 00:00:00;2011-12-31 23:59:59;25.0
66600;Ölands södra grund;2.0;56.0699;16.6799;1961-01-01 00:00:00;1970-06-30 23:59:59;23.0
66630;Ölvingstorp;2.0;56.6166;16.1166;1961-01-01 00:00:00;1967-06-30 23:59:59;15.0
66640;Kalmar;2.0;56.67;16.35;1961-01-01 00:00:00;1963-05-31 23:59:59;7.0
68550;Hoburg;2.0;56.9222;18.1471;1949-01-01 00:00:00;2012-08-31 23:59:59;38.0
68560;Hoburg A;2.0;56.9213;18.1541;2009-06-01 00:00:00;2016-10-01 07:00:00;39.0
71140;Laesö Ost A;2.0;57.1834;11.5332;2004-09-01 00:00:00;2010-03-31 23:59:59;4.0
71180;Nidingen;2.0;57.3025;11.9038;1982-01-01 00:00:00;1995-06-30 23:59:59;4.0
71190;Nidingen A;2.0;57.304;11.906400000000001;1995-12-15 00:00:00;2016-10-01 07:00:00;2.0
71360;Trubaduren Aut;2.0;57.596;11.6352;1978-12-01 00:00:00;2007-06-11 23:59:59;1.0
71380;Vinga A;2.0;57.6324;11.6077;2007-06-01 00:00:00;2016-10-01 07:00:00;12.0
71420;Göteborg A;2.0;57.7084;11.9939;1983-04-01 00:00:00;1995-09-30 23:59:59;23.0
71430;Torslanda;2.0;57.7166;11.7833;1951-01-01 00:00:00;1977-09-30 23:59:59;3.0
71470;Säve;2.0;57.7786;11.8824;1951-01-01 00:00:00;2006-12-05 23:59:59;20.0
71500;Säve-Skålvisered;2.0;57.8305;11.92;2002-10-01 00:00:00;2008-01-01 23:59:59;20.0
71510;Kärna;2.0;57.8425;11.8075;2012-01-01 00:00:00;2012-12-31 23:59:59;21.0
72070;Grimeton;2.0;57.1088;12.394;1963-01-01 00:00:00;1976-04-30 23:59:59;35.0
72080;Varberg;2.0;57.1084;12.2741;1951-01-01 00:00:00;2016-08-31 23:59:59;20.0
72090;Ullared A;2.0;57.1136;12.7758;1995-08-01 00:00:00;2016-10-01 07:00:00;122.0
72120;Fagered;2.0;57.1978;12.8129;1961-01-01 00:00:00;2006-12-31 23:59:59;100.0
72140;Källsjö;2.0;57.2323;12.7042;2008-10-01 00:00:00;2016-09-30 23:59:59;154.0
72150;Ringhals;2.0;57.253;12.1032;1968-11-01 00:00:00;1981-12-31 23:59:59;10.0
72160;Ringhals Aut;2.0;57.2577;12.107;1980-10-01 00:00:00;1997-09-30 23:59:59;10.0
72290;Örby;2.0;57.4833;12.7;1974-12-01 00:00:00;1977-09-30 23:59:59;90.0
72300;Rossared D;2.0;57.485;12.1997;1961-01-01 00:00:00;1977-06-30 23:59:59;15.0
72340;Sandsjöbacka;2.0;57.5571;12.0387;1979-01-01 00:00:00;1983-06-30 23:59:59;50.0
72400;Bollebygd;2.0;57.661;12.5521;1961-01-01 00:00:00;1986-12-31 23:59:59;65.0
72420;Landvetter Flygplats;2.0;57.6678;12.2963;1977-10-03 00:00:00;1996-01-09 23:59:59;154.0
72450;Borås;2.0;57.7611;12.9493;1961-01-01 00:00:00;2016-09-30 23:59:59;135.0
72520;Uddabo;2.0;57.8701;12.7074;2003-09-01 00:00:00;2005-03-31 23:59:59;245.0
73090;Stora Segerstad;2.0;57.1461;13.5609;1961-01-01 00:00:00;1999-07-31 23:59:59;180.0
73170;Gislaved;2.0;57.2847;13.5324;1972-07-01 00:00:00;1979-11-30 23:59:59;165.0
73230;Hestra D;2.0;57.3915;13.5254;1973-11-01 00:00:00;1996-01-24 23:59:59;285.0
73250;Ambjörnarp;2.0;57.4166;13.2833;1949-01-01 00:00:00;1972-11-30 23:59:59;220.0
73390;Fägerhult;2.0;57.6468;13.2369;2001-07-01 00:00:00;2010-06-30 23:59:59;170.0
73430;Dalsjöfors;2.0;57.722;13.1238;1959-05-01 00:00:00;1978-10-31 23:59:59;257.0
73470;Ulricehamn;2.0;57.8052;13.4083;1995-05-01 00:00:00;2012-12-31 23:59:59;175.0
73480;Rångedala A;2.0;57.7848;13.1668;1995-08-01 00:00:00;2016-09-30 23:59:59;297.0
73560;Mullsjö;2.0;57.9166;13.8833;1971-02-01 00:00:00;1971-07-31 23:59:59;240.0
73570;Molla;2.0;57.936;13.0668;1979-07-01 00:00:00;2001-12-31 23:59:59;190.0
73610;Kinnared;2.0;57.0333;13.1166;1962-10-01 00:00:00;1962-12-31 23:59:59;100.0
73660;Tinghalla;2.0;57.9666;13.850000000000001;1965-01-01 00:00:00;1970-08-31 23:59:59;278.0
73690;Äspered;2.0;57.93309232541144;13.180542632706377;1952-11-01 00:00:00;1959-04-30 23:59:59;294.0
74080;Berg;2.0;57.121;14.6931;1969-07-01 00:00:00;2016-08-31 23:59:59;250.0
74180;Hagshult Mo;2.0;57.288;14.1297;1951-01-01 00:00:00;1995-12-31 23:59:59;169.0
74240;Nävelsjö;2.0;57.4042;14.891;1961-01-01 00:00:00;1988-08-31 23:59:59;215.0
74300;Tomtabacken A;2.0;57.4983;14.4672;1995-10-26 00:00:00;2016-10-01 07:00:00;356.0
74340;Spinkabo;2.0;57.5653;14.4693;1972-01-01 00:00:00;1992-12-31 23:59:59;285.0
74350;Gödeberg;2.0;57.5666;14.6333;1961-01-01 00:00:00;1977-10-31 23:59:59;350.0
74390;Nässjö;2.0;57.6431;14.6895;1967-04-01 00:00:00;1996-01-31 23:59:59;305.0
74420;Flahult;2.0;57.689800000000005;14.1455;1993-10-31 00:00:00;1996-06-30 23:59:59;225.0
74440;Prästkulla;2.0;57.7242;14.986;1961-01-01 00:00:00;2016-08-31 23:59:59;290.0
74450;Jönköpings Gamla Flygplats;2.0;57.75;14.17;1951-01-01 00:00:00;1959-01-31 23:59:59;98.0
74460;Jönköpings Flygplats;2.0;57.7514;14.0733;1962-01-01 00:00:00;2016-10-01 07:00:00;226.0
74470;Jönköping;2.0;57.7666;14.1833;1961-01-01 00:00:00;1978-09-30 23:59:59;98.0
74480;Huskvarna;2.0;57.7865;14.2874;1961-01-01 00:00:00;1977-08-31 23:59:59;99.0
74490;Ramsjöholm;2.0;57.8429;14.4317;1961-01-01 00:00:00;2016-08-31 23:59:59;225.0
74510;Aneby;2.0;57.8232;14.8913;2001-04-01 00:00:00;2005-06-30 23:59:59;240.0
74530;Lommaryd;2.0;57.8887;14.7342;1961-01-01 00:00:00;2000-06-30 23:59:59;240.0
74600;Aneboda II;2.0;57.11667457705683;14.56389526848219;1949-06-01 00:00:00;1960-12-31 23:59:59;195.0
74630;Naglarp;2.0;57.4666;14.8833;1966-01-01 00:00:00;1970-12-31 23:59:59;250.0
74650;Strandvallen;2.0;57.85;14.2833;1961-01-01 00:00:00;1967-02-28 23:59:59;110.0
75040;Allgunnen;2.0;57.0666;15.968100000000002;1950-01-01 00:00:00;1979-12-31 23:59:59;115.0
75090;Fagerhult;2.0;57.1484;15.6762;1945-01-01 00:00:00;1945-01-31 23:59:59;195.0
75100;Åseda;2.0;57.1462;15.3987;1969-08-01 00:00:00;1999-12-31 23:59:59;230.0
75120;Drageryd;2.0;57.2001;15.9666;1977-12-01 00:00:00;2012-01-31 23:59:59;77.0
75140;Blankaström;2.0;57.2166;15.9166;1961-01-01 00:00:00;1977-04-30 23:59:59;80.0
75240;Målilla;2.0;57.3908;15.8232;1988-05-30 00:00:00;1990-05-31 23:59:59;100.0
75250;Målilla A;2.0;57.3848;15.8037;2008-01-01 00:00:00;2016-10-01 07:00:00;95.0
75380;Hässleby;2.0;57.6295;15.5725;1961-01-01 00:00:00;1987-06-30 23:59:59;190.0
75400;Vimmerby;2.0;57.6687;15.8518;1961-01-01 00:00:00;1989-08-31 23:59:59;110.0
75520;Horn A;2.0;57.8863;15.8652;1995-12-15 00:00:00;2016-09-30 23:59:59;90.0
75630;Vetlanda;2.0;57.4166;15.0666;1963-02-01 00:00:00;1965-12-31 23:59:59;200.0
76000;Sandbäckshult;2.0;56.9835;16.283;1978-08-01 00:00:00;2004-12-31 23:59:59;37.0
76160;Oskarshamn;2.0;57.2674;16.4149;1995-02-01 00:00:00;2016-09-30 23:59:59;20.0
76380;Tovehult;2.0;57.642;16.5682;1968-07-01 00:00:00;1987-12-31 23:59:59;25.0
76420;Gladhammar A;2.0;57.7071;16.4585;1995-08-01 00:00:00;2016-10-01 07:00:00;35.0
76430;Gunnebo;2.0;57.7166;16.5333;1961-01-01 00:00:00;1973-05-31 23:59:59;18.0
76470;Västervik;2.0;57.7213;16.4683;1979-01-14 00:00:00;1995-07-31 23:59:59;33.0
76530;Ogestad;2.0;57.8748;16.1689;2000-11-01 00:00:00;2009-07-31 23:59:59;81.0
77170;Mossen;2.0;57.2833;17.0042;1965-01-01 00:00:00;1980-05-31 23:59:59;10.0
77180;Stora Karlsö;2.0;57.2893;17.9623;1961-01-01 00:00:00;1989-09-30 23:59:59;40.0
77210;Ölands Norra Udde A;2.0;57.3672;17.0986;1995-08-01 00:00:00;2016-10-01 07:00:00;2.0
77220;Ölands Norra Udde;2.0;57.3689;17.1008;1949-07-01 00:00:00;2016-08-31 23:59:59;4.0
78040;Näsudden Aut;2.0;57.0735;18.2222;1981-02-01 00:00:00;1999-02-28 23:59:59;5.0
78140;Hemse;2.0;57.2438;18.3835;1961-01-01 00:00:00;2016-08-31 23:59:59;25.0
78240;Buttle;2.0;57.4034;18.5297;1965-01-01 00:00:00;1983-07-31 23:59:59;45.0
78250;Herrvik;2.0;57.4208;18.9174;1968-07-01 00:00:00;1995-12-31 23:59:59;5.0
78280;Östergarnsholm A;2.0;57.4413;18.9871;1996-01-01 00:00:00;2016-10-01 07:00:00;5.0
78290;Roma V;2.0;57.54361;18.42533;1996-03-01 00:00:00;2016-10-01 07:00:00;32.0
78300;Roma Aut;2.0;57.4998;18.4639;1983-11-01 00:00:00;1999-09-06 23:59:59;32.0
78390;Visby;2.0;57.636;18.2891;1961-01-01 00:00:00;1986-04-30 23:59:59;28.0
78400;Visby Flygplats;2.0;57.6614;18.3428;1949-01-01 00:00:00;2016-10-01 07:00:00;42.0
78550;Fårösund Ar A;2.0;57.9167;18.9568;1996-01-01 00:00:00;2016-10-01 07:00:00;13.0
78630;Östergarn;2.0;57.45;18.9833;1955-01-01 00:00:00;1968-06-30 23:59:59;11.0
79580;Fårö;2.0;57.8987;19.1592;1951-01-01 00:00:00;1995-12-31 23:59:59;8.0
81010;Säby;2.0;58.0201;11.6015;1961-01-01 00:00:00;1997-12-31 23:59:59;10.0
81040;Rörastrand;2.0;58.0582;11.6528;1999-01-01 00:00:00;2016-09-30 23:59:59;5.0
81050;Måseskär A;2.0;58.094;11.3333;1995-11-01 00:00:00;2016-10-01 07:00:00;16.0
81060;Måseskär;2.0;58.0944;11.3348;1951-01-01 00:00:00;1995-10-31 23:59:59;14.0
81130;Ljungskile;2.0;58.2159;11.9321;1980-06-01 00:00:00;1996-01-31 23:59:59;70.0
81210;Uddevalla;2.0;58.355;11.9541;1961-08-01 00:00:00;1983-06-30 23:59:59;10.0
81220;Smögen;2.0;58.3571;11.2276;1970-02-01 00:00:00;1984-06-30 23:59:59;20.0
81320;Dingle;2.0;58.5289;11.5724;1994-01-01 00:00:00;2002-10-31 23:59:59;20.0
81340;Svarteborg;2.0;58.5707;11.5572;1965-01-01 00:00:00;1986-03-31 23:59:59;70.0
81350;Väderöarna A;2.0;58.5763;11.0685;2000-05-12 00:00:00;2016-10-01 07:00:00;22.0
81370;Hud V;2.0;58.66076;11.41775;1996-03-01 00:00:00;2016-10-01 07:00:00;95.0
81540;Nordkoster A;2.0;58.8925;11.0062;2000-05-10 00:00:00;2016-10-01 07:00:00;33.0
81560;Strömstad;2.0;58.9333;11.2;1951-01-01 00:00:00;1973-09-30 23:59:59;20.0
81620;Väderöbod;2.0;58.55;11.0333;1951-01-01 00:00:00;1965-06-30 23:59:59;7.0
81630;Hållö;2.0;58.3333;11.2166;1961-01-01 00:00:00;1969-12-31 23:59:59;16.0
81640;Ursholmen;2.0;58.8333;11.0;1963-01-01 00:00:00;1964-12-31 23:59:59;6.0
82000;Alvhem;2.0;58.0067;12.1454;1965-01-01 00:00:00;1991-12-31 23:59:59;5.0
82010;Vårgårda-Hägrunga;2.0;58.0166;12.8333;1962-08-01 00:00:00;1977-06-30 23:59:59;148.0
82030;Garn;2.0;58.0492;12.1563;1994-03-02 06:00:00;2008-10-31 23:59:59;15.0
82090;Åsbräcka-Torpabron V;2.0;58.19969;12.15406;1996-03-01 00:00:00;2016-10-01 07:00:00;17.0
82110;Gendalen;2.0;58.1589;12.647;1962-10-01 00:00:00;2016-08-31 23:59:59;90.0
82190;Trollhättans Flygplats;2.0;58.3141;12.3292;1961-01-01 00:00:00;1979-07-31 23:59:59;43.0
82230;Vänersborg;2.0;58.3552;12.3616;1949-01-01 00:00:00;2016-08-31 23:59:59;50.0
82250;Såtenäs D;2.0;58.4397;12.6928;2002-06-01 00:00:00;2010-06-30 23:59:59;55.0
82260;Såtenäs;2.0;58.4358;12.7075;1970-05-29 00:00:00;2016-10-01 08:00:00;54.0
82350;Erikstad-Bergarud V;2.0;58.60033;12.41302;1996-03-01 00:00:00;2016-10-01 08:00:00;59.0
82360;Kroppefjäll-Granan A;2.0;58.6068;12.1999;1995-08-01 00:00:00;2016-10-01 08:00:00;174.0
82380;Erikstad;2.0;58.6336;12.4129;1978-10-01 00:00:00;1988-02-29 23:59:59;65.0
82490;Bäckefors;2.0;58.8055;12.1581;1949-01-01 00:00:00;1964-03-31 23:59:59;150.0
82540;Bastorp;2.0;58.904;12.038;1965-01-01 06:00:00;1996-01-31 23:59:59;150.0
82620;Trollhättan;2.0;58.3;12.3166;1961-01-01 00:00:00;1967-02-28 23:59:59;42.0
82650;Ödebyn;2.0;58.7833;12.1833;1954-05-01 00:00:00;1964-03-31 23:59:59;150.0
83040;Kymbo V;2.0;58.0794;13.78495;1996-03-01 00:00:00;2016-10-01 08:00:00;222.0
83050;Simonstorp;2.0;58.0788;13.3957;1961-01-01 00:00:00;2004-12-31 23:59:59;190.0
83090;Falköping;2.0;58.1584;13.5397;1961-01-01 00:00:00;1972-01-31 23:59:59;205.0
83130;Längjum;2.0;58.2212;13.0607;1965-01-01 00:00:00;2004-12-31 23:59:59;95.0
83170;Borgunda;2.0;58.288;13.7995;1971-02-01 00:00:00;1996-01-31 23:59:59;181.0
83190;Hällum A;2.0;58.3221;13.0406;1995-12-15 00:00:00;2016-10-01 08:00:00;70.0
83200;Skara-Stenum;2.0;58.37;13.52;1971-11-01 00:00:00;1973-04-30 23:59:59;130.0
83210;Lanna;2.0;58.3476;13.1296;1961-01-01 00:00:00;1985-11-30 23:59:59;80.0
83230;Skövde;2.0;58.3949;13.8436;1961-01-01 00:00:00;2016-09-30 23:59:59;150.0
83240;Skara-Ekeberg;2.0;58.4;13.55;1969-07-01 00:00:00;1971-10-31 23:59:59;130.0
83260;Skara-Västerskog;2.0;58.38;13.33;1973-05-01 00:00:00;1973-09-30 23:59:59;105.0
83270;Skara;2.0;58.4072;13.4407;2001-11-01 00:00:00;2016-09-30 23:59:59;115.0
83280;Remningstorp;2.0;58.4529;13.6671;1996-08-20 00:00:00;2016-08-31 23:59:59;140.0
83320;Lidköping;2.0;58.4666;13.1166;1961-01-01 00:00:00;1980-12-31 23:59:59;50.0
83340;Västerplana;2.0;58.5586;13.3508;1965-01-01 06:00:00;1991-06-30 23:59:59;128.0
83420;Naven A;2.0;58.6998;13.1109;1996-06-01 00:00:00;2016-10-01 08:00:00;53.0
83440;Mariestad;2.0;58.7136;13.823;1982-11-15 00:00:00;2016-08-31 23:59:59;50.0
83450;Pålgrunden A;2.0;58.7588;13.1554;2015-10-01 00:00:00;2015-10-31 23:59:59;45.0
83460;Lurö;2.0;58.7904;13.2534;1982-03-01 00:00:00;1997-08-04 23:59:59;55.0
83540;Åkershus;2.0;58.898;13.2517;1965-12-01 00:00:00;1996-01-31 23:59:59;50.0
83610;Högstena;2.0;58.2333;13.7166;1962-09-01 00:00:00;1964-12-31 23:59:59;211.0
83620;Skara;2.0;58.400000000000006;13.450000000000001;1949-02-01 00:00:00;1969-03-31 23:59:59;116.0
83640;Björnegården;2.0;58.5166;13.0666;1949-01-01 00:00:00;1963-03-31 23:59:59;75.0
83650;Lurö;2.0;58.8;13.25;1965-01-01 00:00:00;1965-10-31 23:59:59;55.0
83670;Klagstorp;2.0;58.33313519975335;13.880404972908186;1961-01-01 00:00:00;1963-12-31 23:59:59;130.0
84020;Tranås;2.0;58.0389;14.9853;1961-12-01 00:00:00;1973-05-31 23:59:59;155.0
84050;Visingsö A;2.0;58.0951;14.4086;1995-12-15 00:00:00;2016-10-01 08:00:00;94.0
84060;Visingsö;2.0;58.0908;14.401;1965-01-01 00:00:00;1986-02-28 23:59:59;110.0
84260;Örberga;2.0;58.4274;14.826;1990-11-01 00:00:00;1993-03-31 23:59:59;105.0
84310;Karlsborg Mo;2.0;58.5185;14.5126;1951-01-01 00:00:00;1993-12-31 23:59:59;94.0
84340;Axstål Mo;2.0;58.5719;14.5722;2006-06-01 00:00:00;2016-10-01 08:00:00;91.0
84390;Fägre;2.0;58.649300000000004;14.1265;1965-07-01 00:00:00;1979-06-30 23:59:59;97.0
84470;Älgarås;2.0;58.790600000000005;14.318800000000001;1978-01-01 00:00:00;1984-12-31 23:59:59;130.0
84520;Gårdsjö A;2.0;58.8772;14.3903;1995-08-01 00:00:00;2016-10-01 08:00:00;211.0
84580;Snavlunda;2.0;58.9671;14.8987;1972-08-19 00:00:00;1983-08-31 23:59:59;144.0
84610;Gränna;2.0;58.0333;14.4666;1965-01-01 00:00:00;1965-05-31 23:59:59;130.0
84620;Bällefors;2.0;58.5833;14.1166;1949-07-01 00:00:00;1964-11-30 23:59:59;90.0
84660;Askersund;2.0;58.88;14.9;1961-01-01 00:00:00;1963-01-31 23:59:59;100.0
85020;Tranås Aut;2.0;58.03;15.0206;1990-11-01 00:00:00;1991-06-30 23:59:59;185.0
85040;Malexander;2.0;58.0729;15.2352;1967-12-01 00:00:00;1983-04-13 23:59:59;153.0
85050;Malexander A;2.0;58.0718;15.2359;1995-10-01 00:00:00;2016-10-01 08:00:00;195.0
85130;Åtvidaberg;2.0;58.2;15.9833;1961-01-01 00:00:00;1975-02-28 23:59:59;100.0
85160;Bjärka-Säby;2.0;58.2662;15.7431;1961-01-01 00:00:00;1984-03-31 23:59:59;100.0
85180;Härsnäs;2.0;58.2886;15.237;2007-06-01 00:00:00;2016-09-30 23:59:59;119.0
85210;Herrberga;2.0;58.3935;15.2184;1977-11-01 00:00:00;2007-04-30 23:59:59;90.0
85220;Öjebro;2.0;58.3833;15.2;1961-01-01 00:00:00;1977-09-30 23:59:59;85.0
85240;Malmslätt;2.0;58.4004;15.5327;1949-01-01 00:00:00;2016-10-01 08:00:00;93.0
85250;Linköping;2.0;58.4166;15.6333;1961-01-01 00:00:00;1977-08-31 23:59:59;64.0
85270;Västerlösa;2.0;58.4447;15.3772;2002-05-01 00:00:00;2011-02-28 23:59:59;75.0
85280;Skärkind;2.0;58.472;16.0017;1978-01-01 00:00:00;2000-08-31 23:59:59;60.0
85390;Kvarn Mo;2.0;58.6277;15.4372;2010-03-01 00:00:00;2016-10-01 08:00:00;72.0
85410;Finspång;2.0;58.7104;15.8215;1990-11-01 00:00:00;1993-03-31 23:59:59;41.0
85450;Godegård;2.0;58.7936;15.1694;1961-01-01 00:00:00;1988-02-29 23:59:59;130.0
85460;Kettstaka A;2.0;58.7165;15.03;1995-08-01 00:00:00;2016-10-01 08:00:00;225.0
85490;Zinkgruvan;2.0;58.8063;15.1285;1983-09-01 00:00:00;2016-08-31 23:59:59;215.0
85520;Mariedamm;2.0;58.8509;15.164;1970-11-01 00:00:00;1983-03-31 23:59:59;132.0
85600;Adelsnäs;2.0;58.19981830624454;15.980181430334518;1945-01-01 00:00:00;1945-08-31 23:59:59;97.0
85630;Västra Ny;2.0;58.65;15.05;1961-01-01 00:00:00;1966-12-31 23:59:59;120.0
85650;Kärnskogen;2.0;58.85;15.2833;1951-01-01 00:00:00;1963-04-30 23:59:59;108.0
86090;Falerum;2.0;58.1425;16.2102;1968-07-01 00:00:00;1979-04-30 23:59:59;80.0
86130;Valdemarsvik;2.0;58.2148;16.5828;1990-11-01 00:00:00;1993-03-31 23:59:59;10.0
86200;Holma;2.0;58.3339;16.8157;1962-05-01 00:00:00;1996-11-30 23:59:59;5.0
86330;Marviken;2.0;58.5491;16.8157;1965-05-01 00:00:00;2002-06-30 23:59:59;10.0
86340;Norrköping-SMHI;2.0;58.5833;16.15;1993-04-28 00:00:00;2013-08-04 23:59:59;21.0
86350;Norrköping-Kungsängen;2.0;58.5842;16.2383;1972-10-01 00:00:00;1980-08-31 23:59:59;5.0
86360;Norrköping;2.0;58.606;16.2127;1961-01-01 00:00:00;1964-03-31 23:59:59;3.0
86370;Norrköping-Sörby;2.0;58.6082;16.1212;1949-01-01 00:00:00;1993-06-30 23:59:59;27.0
86420;Kolmården-Strömsfors A;2.0;58.6894;16.3103;1995-12-15 00:00:00;2016-10-01 08:00:00;153.0
86440;Stavsjö Aut;2.0;58.7333;16.3667;1993-07-01 00:00:00;1996-03-01 23:59:59;60.0
86470;Simonstorp;2.0;58.78468;16.15439;2014-06-01 00:00:00;2014-12-03 23:59:59;80.0
86480;Nyköpings Flygplats;2.0;58.7833;16.9166;1951-07-01 00:00:00;1979-06-30 23:59:59;42.0
86570;Ripsa;2.0;58.9817;16.9168;1990-11-01 00:00:00;1993-04-01 23:59:59;40.0
86610;Tyllinge;2.0;58.0166;16.0833;1965-01-01 00:00:00;1968-06-30 23:59:59;110.0
87140;Harstena A;2.0;58.2505;17.0106;1995-12-15 00:00:00;2016-10-01 08:00:00;14.0
87150;Harstena;2.0;58.2502;17.0095;1951-01-01 00:00:00;2001-12-10 23:59:59;5.0
87360;Gustaf Dalen A;2.0;58.5929;17.4704;1996-01-01 00:00:00;2008-11-30 23:59:59;25.0
87400;Oxelösund;2.0;58.6777;17.1223;1961-01-01 00:00:00;2016-08-31 23:59:59;10.0
87440;Landsort A;2.0;58.7433;17.8716;1996-02-01 00:00:00;2016-10-01 08:00:00;18.0
87450;Landsort;2.0;58.7421;17.8716;1997-05-01 00:00:00;2006-06-30 23:59:59;13.0
87540;Trosa;2.0;58.9;17.5666;1961-01-01 00:00:00;1980-11-30 23:59:59;5.0
88570;Utö;2.0;58.9502;18.2669;1985-10-01 00:00:00;1994-09-30 23:59:59;40.0
88580;Stabbo;2.0;58.9733;18.4493;1973-02-01 00:00:00;1986-11-30 23:59:59;7.0
89230;Gotska Sandön A;2.0;58.3943;19.1975;1995-12-15 00:00:00;2016-10-01 08:00:00;16.0
89240;Gotska Sandön;2.0;58.3928;19.197;1949-01-01 00:00:00;2006-12-31 23:59:59;12.0
89560;Huvudskär Ost A;2.0;58.9334;19.1833;2004-09-01 00:00:00;2010-07-15 00:00:00;4.0
91130;Bredviken;2.0;59.2184;11.9858;1961-01-01 00:00:00;1997-04-30 23:59:59;100.0
91370;Djurskog;2.0;59.6072;11.9321;1968-01-01 00:00:00;2002-06-30 23:59:59;280.0
91520;Hångstad;2.0;59.8633;11.9746;1969-05-01 00:00:00;1986-02-28 23:59:59;130.0
91620;Lennartsfors;2.0;59.3;11.9333;1951-01-01 00:00:00;1964-09-30 23:59:59;125.0
91660;Högsäter;2.0;59.88;11.97;1965-01-01 00:00:00;1969-04-30 23:59:59;135.0
92030;Åmål;2.0;59.0542;12.6969;1963-01-01 00:00:00;1979-10-31 23:59:59;60.0
92100;Säffle;2.0;59.1412;12.9359;1962-01-01 00:00:00;2016-08-31 23:59:59;50.0
92130;Blomskog A;2.0;59.2217;12.078;1996-01-01 00:00:00;2016-09-30 23:59:59;170.0
92170;Blomskog;2.0;59.2891;12.0542;1964-10-01 06:00:00;1995-12-31 23:59:59;110.0
92400;Arvika;2.0;59.6658;12.591;1983-11-28 00:00:00;1995-12-31 23:59:59;77.0
92410;Arvika A;2.0;59.6747;12.6381;1996-01-01 00:00:00;2016-10-01 08:00:00;66.0
93220;Karlstad Flygplats;2.0;59.4446;13.3374;1997-10-01 00:00:00;2016-10-01 08:00:00;107.0
93230;Karlstad Aut;2.0;59.361;13.4728;1986-09-01 00:00:00;1994-08-31 23:59:59;46.0
93250;Karlstad;2.0;59.384;13.4455;1999-03-01 00:00:00;2008-09-30 23:59:59;80.0
93360;Molkom;2.0;59.6166;13.75;1969-11-01 00:00:00;1979-01-31 23:59:59;93.0
93520;Sunne A;2.0;59.8644;13.1193;1995-08-01 00:00:00;2016-10-01 08:00:00;110.0
93580;Forshult;2.0;59.9445;13.5335;1961-01-01 00:00:00;1973-12-31 23:59:59;110.0
93640;Sutterhöjden;2.0;59.5833;13.9333;1951-01-01 00:00:00;1969-10-31 23:59:59;153.0
93650;Sunne;2.0;59.85;13.1666;1965-01-01 00:00:00;1965-10-31 23:59:59;85.0
94050;Åtorp;2.0;59.0966;14.3678;1965-01-01 00:00:00;2016-08-31 23:59:59;105.0
94140;Degerfors;2.0;59.2333;14.45;1961-01-01 00:00:00;1976-12-31 23:59:59;85.0
94170;Villingsberg;2.0;59.2833;14.7;1951-01-01 00:00:00;1979-07-31 23:59:59;148.0
94180;Kristinehamn;2.0;59.3107;14.1019;1961-01-01 00:00:00;2016-09-30 23:59:59;82.0
94190;Kilsbergen-Suttarboda A;2.0;59.3;14.8986;1995-08-01 00:00:00;2016-10-01 08:00:00;219.0
94370;Asphyttan;2.0;59.6112;14.1859;1982-08-01 00:00:00;1996-01-31 23:59:59;130.0
94390;Daglösen A;2.0;59.6616;14.1831;1995-08-01 00:00:00;2016-10-01 08:00:00;133.0
94410;Gammalkroppa;2.0;59.6833;14.3166;1961-01-01 00:00:00;1976-05-31 23:59:59;200.0
94430;Filipstad;2.0;59.7166;14.1666;1961-01-01 00:00:00;1975-08-31 23:59:59;141.0
94450;Persberg;2.0;59.7497;14.2354;1976-09-01 00:00:00;1984-12-31 23:59:59;225.0
94580;Ställdalen;2.0;59.9268;14.8881;1991-03-01 00:00:00;2000-04-30 23:59:59;257.0
94660;Stångfallet;2.0;59.95;14.8833;1961-01-01 00:00:00;1967-01-31 23:59:59;230.0
95020;Högsjö;2.0;59.0297;15.6858;1961-01-01 00:00:00;1993-12-31 23:59:59;69.0
95030;Vingåker;2.0;59.0667;15.9667;1970-05-01 00:00:00;1972-04-30 23:59:59;48.0
95130;Örebro A;2.0;59.2289;15.0455;2009-12-01 00:00:00;2016-10-01 08:00:00;53.0
95140;Örebro Flygplats;2.0;59.2334;15.05;1988-12-01 00:00:00;1993-04-30 23:59:59;57.0
95160;Örebro;2.0;59.278200000000005;15.1574;1988-05-01 00:00:00;2005-06-30 23:59:59;35.0
95170;Örebro Aut;2.0;59.2671;15.2686;1990-11-01 00:00:00;1996-08-15 23:59:59;23.0
95230;Arboga;2.0;59.3833;15.8333;1952-02-01 00:00:00;1968-12-31 23:59:59;50.0
95320;Fellingsbro-Finnåker;2.0;59.5345;15.5857;1982-09-01 00:00:00;1996-01-31 23:59:59;51.0
95350;Lindesberg;2.0;59.5737;15.2365;1961-01-01 00:00:00;1986-03-31 23:59:59;70.0
95380;Grönbo;2.0;59.6396;15.418;1997-08-01 00:00:00;2003-02-28 23:59:59;85.0
95490;Riddarhyttan;2.0;59.8085;15.5555;1968-03-01 00:00:00;1984-06-30 23:59:59;155.0
95500;Skinnskatteberg;2.0;59.8333;15.6833;1961-01-01 00:00:00;1974-06-30 23:59:59;113.0
95530;Kloten;2.0;59.8707;15.2544;1978-06-01 00:00:00;2010-08-31 23:59:59;285.0
95540;Kloten A;2.0;59.8709;15.2553;2009-08-01 00:00:00;2016-10-01 08:00:00;289.0
95620;Örebro;2.0;59.244800000000005;15.285400000000001;1949-01-01 00:00:00;1964-02-29 23:59:59;36.0
95640;Uttersberg;2.0;59.75;15.6666;1965-01-01 00:00:00;1967-12-31 23:59:59;95.0
96000;Valla;2.0;59.0185;16.3709;1980-01-01 00:00:00;2014-07-31 23:59:59;50.0
96030;Strängstorp;2.0;59.05;16.2166;1963-07-01 00:00:00;1979-12-31 23:59:59;62.0
96040;Floda A;2.0;59.0561;16.3975;1995-11-21 00:00:00;2016-10-01 08:00:00;19.0
96120;Dunker;2.0;59.1469;16.8536;1992-10-01 00:00:00;1995-02-28 23:59:59;35.0
96140;Eklången;2.0;59.2361;16.7462;1993-11-01 00:00:00;2012-07-31 23:59:59;35.0
96190;Eskilstuna A;2.0;59.3832;16.4549;2008-01-18 06:00:00;2016-09-30 23:59:59;15.0
96220;Eskilstuna Aut;2.0;59.3868;16.4648;1990-11-01 00:00:00;1993-03-31 23:59:59;9.0
96230;Eskilstuna;2.0;59.3867;16.4647;1963-01-01 00:00:00;1983-12-31 23:59:59;8.0
96310;Köping;2.0;59.5171;15.9909;1968-07-01 00:00:00;1988-09-30 23:59:59;10.0
96350;Västerås;2.0;59.5976;16.6326;1998-12-01 00:00:00;2000-08-31 23:59:59;15.0
96370;Västerås;2.0;59.6166;16.55;1961-01-01 00:00:00;1972-10-31 23:59:59;10.0
96550;Sala;2.0;59.9045;16.6607;1970-11-01 00:00:00;2016-08-31 23:59:59;60.0
96560;Sala A;2.0;59.9098;16.6875;1995-08-01 00:00:00;2016-10-01 08:00:00;57.0
96600;Flodafors;2.0;59.0666;16.3666;1962-07-01 00:00:00;1963-06-30 23:59:59;50.0
96610;Bie;2.0;59.083043509330324;16.213451816419287;1945-01-01 00:00:00;1945-07-31 23:59:59;21.0
97100;Tullinge A;2.0;59.1789;17.9125;1995-12-15 00:00:00;2016-10-01 08:00:00;45.0
97110;Riksten;2.0;59.1833;17.916700000000002;1969-11-03 00:00:00;1985-06-30 23:59:59;54.0
97120;Södertälje;2.0;59.182;17.6186;1995-11-01 00:00:00;2015-03-31 23:59:59;40.0
97150;Åkers Styckebruk;2.0;59.2511;17.0879;1961-01-01 00:00:00;1981-09-30 23:59:59;20.0
97170;Mariefred;2.0;59.2661;17.2342;1981-10-01 00:00:00;1983-01-31 23:59:59;10.0
97180;Nyckleby;2.0;59.3;17.7166;1961-01-01 00:00:00;1972-06-30 23:59:59;25.0
97190;Beckomberga;2.0;59.3658;17.8974;1957-01-01 00:00:00;1986-12-31 23:59:59;15.0
97200;Stockholm-Bromma;2.0;59.3537;17.9513;1949-01-01 00:00:00;2016-10-01 08:00:00;14.0
97210;Ulvhäll;2.0;59.3619;17.044;1961-01-01 00:00:00;1980-02-29 23:59:59;5.0
97240;Lyckås;2.0;59.4;17.6666;1961-01-01 00:00:00;1974-03-31 23:59:59;15.0
97260;Barkarby;2.0;59.4166;17.8833;1949-01-01 00:00:00;1973-09-30 23:59:59;17.0
97270;Strängnäs;2.0;59.402;17.0605;1980-05-01 00:00:00;1989-12-31 23:59:59;25.0
97280;Adelsö A;2.0;59.3582;17.5244;1995-12-15 00:00:00;2016-10-01 08:00:00;6.0
97370;Enköping Mo;2.0;59.6557;17.1121;2007-09-01 00:00:00;2016-10-01 09:00:00;26.0
97390;Arlanda;2.0;59.6557;17.9462;1962-01-01 00:00:00;1997-12-31 23:59:59;38.0
97400;Stockholm-Arlanda;2.0;59.6269;17.9545;2008-02-01 00:00:00;2016-10-01 09:00:00;42.0
97490;Ultuna;2.0;59.8139;17.6469;1961-01-01 00:00:00;2003-08-31 23:59:59;15.0
97510;Uppsala Aut;2.0;59.8586;17.6253;1985-06-01 00:00:00;2016-10-01 09:00:00;13.0
97520;Uppsala;2.0;59.8585;17.6252;1961-01-01 00:00:00;1985-05-31 23:59:59;13.0
97530;Uppsala Flygplats;2.0;59.8953;17.5935;1951-01-01 00:00:00;2016-10-01 09:00:00;21.0
97620;Vängsö;2.0;59.1166;17.2;1951-01-01 00:00:00;1960-12-31 23:59:59;15.0
97630;Aske;2.0;59.6166;17.65;1947-09-01 00:00:00;1963-09-30 23:59:59;15.0
98040;Berga Mo;2.0;59.0688;18.1184;2010-03-01 00:00:00;2016-10-01 09:00:00;4.0
98140;Stormyra;2.0;59.2032;18.3308;1978-12-01 00:00:00;1981-06-30 23:59:59;30.0
98160;Skarpö A;2.0;59.2996;18.7047;1995-11-01 00:00:00;2014-04-30 23:59:59;16.0
98170;Sandhamn;2.0;59.2901;18.9179;1965-12-01 00:00:00;1969-08-31 23:59:59;15.0
98180;Gustavsberg;2.0;59.3226;18.3725;1971-01-01 00:00:00;2015-01-31 23:59:59;10.0
98200;Värtan;2.0;59.35;18.1;1968-11-01 00:00:00;1972-12-31 23:59:59;20.0
98210;Stockholm;2.0;59.342;18.0575;1961-01-01 00:00:00;2016-09-30 23:59:59;44.0
98230;Stockholm A;2.0;59.3421;18.0577;1996-10-01 00:00:00;2016-10-01 09:00:00;44.0
98260;Röskär;2.0;59.4166;18.1666;1961-01-01 00:00:00;1979-10-31 23:59:59;15.0
98290;Husarö;2.0;59.5052;18.8417;1969-06-01 00:00:00;2014-12-31 23:59:59;10.0
98400;Kårsta;2.0;59.6575;18.2718;1961-01-01 00:00:00;1992-02-29 23:59:59;20.0
98460;Norrtälje;2.0;59.7506;18.7091;1974-10-29 00:00:00;1984-03-31 23:59:59;25.0
98490;Svanberga A;2.0;59.8321;18.6348;1995-08-01 00:00:00;2016-10-01 09:00:00;15.0
98510;Norrtälje-Väsby;2.0;59.8524;18.7296;1989-01-01 00:00:00;1994-10-31 23:59:59;10.0
98610;Berga;2.0;59.0833;18.1166;1945-01-01 00:00:00;1957-11-30 23:59:59;15.0
99090;Almagrundet A;2.0;59.1547;19.1298;1995-10-11 00:00:00;2010-02-28 23:59:59;3.0
99270;Svenska Högarna;2.0;59.4445;19.5059;1951-01-01 00:00:00;2016-09-30 23:59:59;12.0
99280;Svenska högarna A;2.0;59.4428;19.5058;2010-06-01 00:00:00;2016-10-01 09:00:00;12.0
99330;Svenska Björn Aut;2.0;59.55;20.02;1985-04-01 00:00:00;1994-02-11 09:00:00;1.0
99450;Söderarm A;2.0;59.7534;19.4087;1951-01-01 00:00:00;1995-10-31 23:59:59;5.0